timestamp,cpu_percent,memory_percent,network_mbps,hour,day_of_week,day_of_month,month,is_weekend,is_business_hours
2024-01-01 00:00:00,38.97371322408986,46.95061503004799,77.28972154892539,0,0,1,1,0,0
2024-01-01 01:00:00,33.893885590630525,43.61907033583051,41.73894309754572,1,0,1,1,0,0
2024-01-01 02:00:00,33.12677300221331,38.32781529930069,43.28877962650368,2,0,1,1,0,0
2024-01-01 03:00:00,33.126904344406555,41.05876355352366,50.53603749393315,3,0,1,1,0,0
2024-01-01 04:00:00,77.63370252405913,39.94269409054816,56.78774533933217,4,0,1,1,0,0
2024-01-01 05:00:00,41.13947783322327,39.66081799021298,72.55731729497077,5,0,1,1,0,0
2024-01-01 06:00:00,41.24420491252038,46.515513236252076,107.10101769742741,6,0,1,1,0,0
2024-01-01 07:00:00,49.34048034868772,37.212956028989346,77.4436479957744,7,0,1,1,0,0
2024-01-01 08:00:00,46.93569817252828,49.23501676480383,92.99415627604174,8,0,1,1,0,0
2024-01-01 09:00:00,39.69375804273761,54.212766901115096,146.41269321282215,9,0,1,1,0,1
2024-01-01 10:00:00,46.89735103732461,55.363238375121576,162.67843260987493,10,0,1,1,0,1
2024-01-01 11:00:00,57.51397866076219,49.24796470216964,132.9150019500735,11,0,1,1,0,1
2024-01-01 12:00:00,66.72519015137243,50.599877188478004,133.7417641889511,12,0,1,1,0,1
2024-01-01 13:00:00,53.19378959610771,45.56693513024898,135.9884228940899,13,0,1,1,0,1
2024-01-01 14:00:00,50.64493820379854,49.30077884510812,125.23358658973906,14,0,1,1,0,1
2024-01-01 15:00:00,55.88738071767893,53.47391646330003,131.74867768018694,15,0,1,1,0,1
2024-01-01 16:00:00,50.19489048064956,56.783399186817306,100.51666162785241,16,0,1,1,0,1
2024-01-01 17:00:00,52.666450001653786,47.27034956081436,121.19327094069779,17,0,1,1,0,1
2024-01-01 18:00:00,74.89202220209653,42.33676174403905,97.53749544193936,18,0,1,1,0,0
2024-01-01 19:00:00,36.538312568352794,43.29337480541549,76.63876704671604,19,0,1,1,0,0
2024-01-01 20:00:00,51.58035929682551,38.41517735769834,102.93815226922756,20,0,1,1,0,0
2024-01-01 21:00:00,35.23325080023182,46.46346865532242,64.57539842225081,21,0,1,1,0,0
2024-01-01 22:00:00,24.374511608812554,41.301821681401314,72.30348597458976,22,0,1,1,0,0
2024-01-01 23:00:00,36.57488988695299,43.51590547922854,72.25959305607489,23,0,1,1,0,0
2024-01-02 00:00:00,40.907732639963285,42.589324585241684,93.03020886989424,0,1,2,1,0,0
2024-01-02 01:00:00,36.37094624951976,41.33939331097358,54.65861927071417,1,1,2,1,0,0
2024-01-02 02:00:00,34.07481374089408,44.568161484274725,60.02965267133716,2,1,2,1,0,0
2024-01-02 03:00:00,32.59117043528569,43.8334647958014,82.99310033454468,3,1,2,1,0,0
2024-01-02 04:00:00,31.3148898323217,43.3079996173277,80.65771404756842,4,1,2,1,0,0
2024-01-02 05:00:00,43.45697780975132,41.9810778103839,75.30054760353134,5,1,2,1,0,0
2024-01-02 06:00:00,47.592671755158364,46.27248000786781,95.1182376373805,6,1,2,1,0,0
2024-01-02 07:00:00,41.91934175666947,51.70827006688057,112.50411913501482,7,1,2,1,0,0
2024-01-02 08:00:00,69.58462399755233,45.75273099749897,129.6301786573893,8,1,2,1,0,0
2024-01-02 09:00:00,59.89341031072694,57.27699616954933,138.971487325712,9,1,2,1,0,1
2024-01-02 10:00:00,63.24799617996761,47.83093579005612,130.73992248692267,10,1,2,1,0,1
2024-01-02 11:00:00,62.45024095292959,54.12212713311104,140.8367047783147,11,1,2,1,0,1
2024-01-02 12:00:00,48.286259814218894,49.20082245837398,132.70106556543973,12,1,2,1,0,1
2024-01-02 13:00:00,52.52630099319028,47.78176562515281,125.90600019661731,13,1,2,1,0,1
2024-01-02 14:00:00,51.16660609723768,50.831103319928864,143.00781119241609,14,1,2,1,0,1
2024-01-02 15:00:00,53.51472818668946,58.655262687278515,122.5396844287886,15,1,2,1,0,1
2024-01-02 16:00:00,61.500206579153584,57.78675662262919,138.64677017683636,16,1,2,1,0,1
2024-01-02 17:00:00,65.84992022856659,55.057690487265376,107.37166047680715,17,1,2,1,0,1
2024-01-02 18:00:00,47.89308820038107,40.05379675890128,115.60994714338834,18,1,2,1,0,0
2024-01-02 19:00:00,39.839041963159005,45.49835167745607,78.43771795906966,19,1,2,1,0,0
2024-01-02 20:00:00,44.713391687120385,47.58909626641564,69.95147249527619,20,1,2,1,0,0
2024-01-02 21:00:00,57.51714924651205,47.18320853963184,110.04986036638475,21,1,2,1,0,0
2024-01-02 22:00:00,35.69637654590537,39.2046009014289,83.22958942536056,22,1,2,1,0,0
2024-01-02 23:00:00,32.60794119627306,43.11715846304468,64.80324866923243,23,1,2,1,0,0
2024-01-03 00:00:00,33.242624897299905,46.520715207676474,58.57332528448851,0,2,3,1,0,0
2024-01-03 01:00:00,37.85690057209397,49.02072688595448,55.004435714193576,1,2,3,1,0,0
2024-01-03 02:00:00,28.532051176854498,38.18952830814545,63.96382145411009,2,2,3,1,0,0
2024-01-03 03:00:00,30.98594365132371,46.42395818442434,59.39499134678935,3,2,3,1,0,0
2024-01-03 04:00:00,42.32321694161659,47.74300059843736,57.559444476463625,4,2,3,1,0,0
2024-01-03 05:00:00,37.630008877277476,50.667540635560094,46.93210454988554,5,2,3,1,0,0
2024-01-03 06:00:00,,,172.8499151337421,6,2,3,1,0,0
2024-01-03 07:00:00,52.74915992426311,49.79575464479635,91.31210630521109,7,2,3,1,0,0
2024-01-03 08:00:00,39.38357524898118,44.3637944588334,93.49564427294226,8,2,3,1,0,0
2024-01-03 09:00:00,52.37870282721786,48.02956596445971,119.22902824572603,9,2,3,1,0,1
2024-01-03 10:00:00,87.3689622165166,54.18731122280275,121.18215542637999,10,2,3,1,0,1
2024-01-03 11:00:00,57.08844217743911,59.863925802070675,133.45916273149322,11,2,3,1,0,1
2024-01-03 12:00:00,43.677034063596686,61.52902017671112,116.569684395112,12,2,3,1,0,1
2024-01-03 13:00:00,51.63483741787713,58.89512816128375,145.94280539549825,13,2,3,1,0,1
2024-01-03 14:00:00,53.70971430667193,57.867949655641375,138.01311793562013,14,2,3,1,0,1
2024-01-03 15:00:00,58.232406854516306,57.766723305819895,119.0988714267697,15,2,3,1,0,1
2024-01-03 16:00:00,57.060403125782116,54.12119061911805,137.2088013764157,16,2,3,1,0,1
2024-01-03 17:00:00,54.40443267387066,55.92284668435553,116.9051654966597,17,2,3,1,0,1
2024-01-03 18:00:00,29.64983027760767,55.216708387254,102.3352570634363,18,2,3,1,0,0
2024-01-03 19:00:00,74.78788899640627,44.86745967557153,77.44529468340619,19,2,3,1,0,0
2024-01-03 20:00:00,45.48184167952821,55.19398608424755,88.28291442301706,20,2,3,1,0,0
2024-01-03 21:00:00,64.70593689988229,47.54385415450968,92.21633861100193,21,2,3,1,0,0
2024-01-03 22:00:00,33.46111228175102,54.23070651093483,82.95501846531616,22,2,3,1,0,0
2024-01-03 23:00:00,37.4123787386689,43.398643614367685,48.328578212509285,23,2,3,1,0,0
2024-01-04 00:00:00,44.142582516120164,51.4663591374095,47.75767516457934,0,3,4,1,0,0
2024-01-04 01:00:00,41.015464261494195,46.27241240097863,38.17418092364172,1,3,4,1,0,0
2024-01-04 02:00:00,46.22235448748879,43.65508555195287,88.02904828744504,2,3,4,1,0,0
2024-01-04 03:00:00,23.785191497661753,50.28686146050426,60.52211310749748,3,3,4,1,0,0
2024-01-04 04:00:00,57.075709398954494,53.547091848513695,76.34857438636246,4,3,4,1,0,0
2024-01-04 05:00:00,30.469618163177824,46.22582561310103,51.4322403887372,5,3,4,1,0,0
2024-01-04 06:00:00,32.59469255147094,43.70582030939801,82.73612472103754,6,3,4,1,0,0
2024-01-04 07:00:00,45.548503798448216,49.43070283074263,189.31106756889758,7,3,4,1,0,0
2024-01-04 08:00:00,37.644606126129574,49.54444210797778,89.7514738526622,8,3,4,1,0,0
2024-01-04 09:00:00,67.39947524014032,60.183466113925796,140.24986767274137,9,3,4,1,0,1
2024-01-04 10:00:00,48.7339736613101,61.88447156530218,130.95473592244775,10,3,4,1,0,1
2024-01-04 11:00:00,52.4235078703546,57.94423857876629,124.42331482714768,11,3,4,1,0,1
2024-01-04 12:00:00,61.50813773895736,65.69961778977274,158.38287641249602,12,3,4,1,0,1
2024-01-04 13:00:00,45.15308546852836,59.270146795575414,216.74421288963407,13,3,4,1,0,1
2024-01-04 14:00:00,42.14013412351018,57.08300200026451,118.40455435595945,14,3,4,1,0,1
2024-01-04 15:00:00,56.47707086825844,52.11783457725517,116.93908342534388,15,3,4,1,0,1
2024-01-04 16:00:00,57.07906235398739,57.608756569395325,140.86887668084682,16,3,4,1,0,1
2024-01-04 17:00:00,61.25458297421848,57.40903102136454,236.72728181294661,17,3,4,1,0,1
2024-01-04 18:00:00,49.17553252493518,54.69087452623818,87.62193461375315,18,3,4,1,0,0
2024-01-04 19:00:00,47.375877385865486,52.79455763432595,76.22971407541553,19,3,4,1,0,0
2024-01-04 20:00:00,39.559802227372074,46.32200458312473,92.15139850286239,20,3,4,1,0,0
2024-01-04 21:00:00,,51.82324556010049,103.07286579131902,21,3,4,1,0,0
2024-01-04 22:00:00,67.34457978638946,53.9149875407069,83.69156837542289,22,3,4,1,0,0
2024-01-04 23:00:00,29.285188655789057,57.43550990934088,50.82360540743123,23,3,4,1,0,0
2024-01-05 00:00:00,49.926196089158054,54.96780762507106,57.57067774588009,0,4,5,1,0,0
2024-01-05 01:00:00,38.7906633672943,54.55547021173265,66.57619049244968,1,4,5,1,0,0
2024-01-05 02:00:00,27.202546638181428,51.84660286017223,54.27765877763861,2,4,5,1,0,0
2024-01-05 03:00:00,41.296676829939614,53.25356453440331,40.19259834892453,3,4,5,1,0,0
2024-01-05 04:00:00,42.70700903395458,56.792274988866666,57.64462757332938,4,4,5,1,0,0
2024-01-05 05:00:00,38.30224741549198,46.556964813321,41.84758584878763,5,4,5,1,0,0
2024-01-05 06:00:00,43.036895071977035,50.584015159961254,104.46233826257968,6,4,5,1,0,0
2024-01-05 07:00:00,38.970110685140085,48.985073495336124,85.41832946337477,7,4,5,1,0,0
2024-01-05 08:00:00,44.383186324687166,53.68541385334187,89.08353737991197,8,4,5,1,0,0
2024-01-05 09:00:00,57.729215798533154,65.18301874934113,118.7680030596992,9,4,5,1,0,1
2024-01-05 10:00:00,55.10401513502325,57.96743626516417,129.654241658718,10,4,5,1,0,1
2024-01-05 11:00:00,66.62827261725853,50.887192924409206,249.1786275190906,11,4,5,1,0,1
2024-01-05 12:00:00,60.00533878212005,58.89247693643325,146.24499907775302,12,4,5,1,0,1
2024-01-05 13:00:00,78.14273954866974,64.28807583311479,113.85428218896912,13,4,5,1,0,1
2024-01-05 14:00:00,46.4328600155111,62.87739190110611,89.31081154284342,14,4,5,1,0,1
2024-01-05 15:00:00,58.85977932194548,62.53217799327531,127.75816460252517,15,4,5,1,0,1
2024-01-05 16:00:00,83.2122977173932,59.791888771710916,125.51769866456193,16,4,5,1,0,1
2024-01-05 17:00:00,60.71200395273674,55.88803521523269,124.62633433138738,17,4,5,1,0,1
2024-01-05 18:00:00,48.78590099658836,55.15749777383756,81.71608121831088,18,4,5,1,0,0
2024-01-05 19:00:00,44.417368698745015,49.85122066669793,173.54284525556778,19,4,5,1,0,0
2024-01-05 20:00:00,38.22565025545276,62.01662630144055,124.37866900228029,20,4,5,1,0,0
2024-01-05 21:00:00,32.88122220251309,55.654022656720336,118.01193006242026,21,4,5,1,0,0
2024-01-05 22:00:00,36.71274995304163,51.14101701891203,54.008017642907205,22,4,5,1,0,0
2024-01-05 23:00:00,25.034089770304096,51.10954655543293,61.93781209997566,23,4,5,1,0,0
2024-01-06 00:00:00,25.929140510390937,53.274647907496,68.7577851540922,0,5,6,1,1,0
2024-01-06 01:00:00,34.22980084756422,52.779613074501995,55.888297958649865,1,5,6,1,1,0
2024-01-06 02:00:00,33.465669747568,58.29600970312463,46.85172865171138,2,5,6,1,1,0
2024-01-06 03:00:00,23.856237617355013,54.66524990183015,34.431158342992916,3,5,6,1,1,0
2024-01-06 04:00:00,41.66440994540221,51.08382464973894,54.183353226227545,4,5,6,1,1,0
2024-01-06 05:00:00,41.43041641627922,61.662735470027755,36.05001611573407,5,5,6,1,1,0
2024-01-06 06:00:00,43.12028213766928,54.38868090550359,83.98949359382378,6,5,6,1,1,0
2024-01-06 07:00:00,43.11028760729767,57.357133847433715,65.51584658846073,7,5,6,1,1,0
2024-01-06 08:00:00,43.12038149044838,51.939048383844884,73.81134180538066,8,5,6,1,1,0
2024-01-06 09:00:00,75.82185192523777,63.914446896118505,77.08290310185215,9,5,6,1,1,1
2024-01-06 10:00:00,52.63201410794562,63.79630402193318,94.43985658874294,10,5,6,1,1,1
2024-01-06 11:00:00,50.21113001044638,55.08299526490953,72.52522713229534,11,5,6,1,1,1
2024-01-06 12:00:00,38.817398283699426,70.7922689615769,86.36804132707049,12,5,6,1,1,1
2024-01-06 13:00:00,73.10545114607993,67.98316917097105,76.54640057627456,13,5,6,1,1,1
2024-01-06 14:00:00,63.51726853338807,61.32107860578165,78.67327894425797,14,5,6,1,1,1
2024-01-06 15:00:00,30.061878459266016,58.589894205453575,96.54053953612082,15,5,6,1,1,1
2024-01-06 16:00:00,41.22454507368453,64.4781766953989,70.66073939962119,16,5,6,1,1,1
2024-01-06 17:00:00,53.71160477573893,63.523520912821446,87.4066251443916,17,5,6,1,1,1
2024-01-06 18:00:00,33.27757032592025,56.688047616472595,85.98827201497691,18,5,6,1,1,0
2024-01-06 19:00:00,44.4367819914774,56.12016398008783,79.93398020298322,19,5,6,1,1,0
2024-01-06 20:00:00,39.36457471923051,57.467140829600616,56.926398541077376,20,5,6,1,1,0
2024-01-06 21:00:00,33.78719721915346,61.319561092923294,73.46682464126665,21,5,6,1,1,0
2024-01-06 22:00:00,16.798859306739143,57.890750530729946,28.586161560073833,22,5,6,1,1,0
2024-01-06 23:00:00,34.49163451815542,51.50755217133164,69.09909811548943,23,5,6,1,1,0
2024-01-07 00:00:00,56.6598340925384,61.244098130564545,93.568226283903,0,6,7,1,1,0
2024-01-07 01:00:00,32.082108468264806,62.443812680586646,58.528100710815174,1,6,7,1,1,0
2024-01-07 02:00:00,37.03989823184366,68.57692328808533,74.84646200919533,2,6,7,1,1,0
2024-01-07 03:00:00,39.926041553360974,51.561895423420644,33.82185493787097,3,6,7,1,1,0
2024-01-07 04:00:00,29.20043751071235,57.11440716888255,38.94841644750745,4,6,7,1,1,0
2024-01-07 05:00:00,27.773366139410307,47.901323291801205,49.02971551368226,5,6,7,1,1,0
2024-01-07 06:00:00,28.912928365319637,58.52898422575018,63.6324373523961,6,6,7,1,1,0
2024-01-07 07:00:00,,,70.62438095458232,7,6,7,1,1,0
2024-01-07 08:00:00,55.977249576101066,64.18299763040532,56.99421460693341,8,6,7,1,1,0
2024-01-07 09:00:00,53.25972208440918,61.47691010555968,84.09480534348026,9,6,7,1,1,1
2024-01-07 10:00:00,85.13528919349298,57.904620234404526,96.50767183658424,10,6,7,1,1,1
2024-01-07 11:00:00,39.33864427504975,62.86210579065595,89.40966073308468,11,6,7,1,1,1
2024-01-07 12:00:00,48.550555425169826,56.93084310713556,76.56478663680846,12,6,7,1,1,1
2024-01-07 13:00:00,51.19707242743469,67.9226496290829,93.12733441585189,13,6,7,1,1,1
2024-01-07 14:00:00,19.06986127944742,56.74320053915079,75.95068312133591,14,6,7,1,1,1
2024-01-07 15:00:00,36.80489886932568,65.202466374083,83.26790475676486,15,6,7,1,1,1
2024-01-07 16:00:00,58.05929043145308,56.86231362957044,95.65323675497118,16,6,7,1,1,1
2024-01-07 17:00:00,63.55886897631494,63.97711521184442,79.2470774176427,17,6,7,1,1,1
2024-01-07 18:00:00,50.530186312528926,63.916384366919566,47.862019331405904,18,6,7,1,1,0
2024-01-07 19:00:00,27.513102790564485,58.86984755173868,66.8511252494523,19,6,7,1,1,0
2024-01-07 20:00:00,31.147930791616393,54.057483877409226,79.79807273931645,20,6,7,1,1,0
2024-01-07 21:00:00,42.69682779410616,57.47066386670945,81.28384860134848,21,6,7,1,1,0
2024-01-07 22:00:00,33.55841667992015,57.75138119927742,38.397019335667906,22,6,7,1,1,0
2024-01-07 23:00:00,29.91749122510592,59.653486500648654,64.48223505420714,23,6,7,1,1,0
2024-01-08 00:00:00,47.68813452916282,52.378997746585284,56.3785415291251,0,0,8,1,0,0
2024-01-08 01:00:00,25.097476009385208,60.29998021713933,82.00173835348464,1,0,8,1,0,0
2024-01-08 02:00:00,33.785719239715334,47.195237524991825,42.1362524103941,2,0,8,1,0,0
2024-01-08 03:00:00,39.706537651876616,55.57617095189062,70.18092103919129,3,0,8,1,0,0
2024-01-08 04:00:00,37.24793494188026,56.225330259146595,54.79842634849932,4,0,8,1,0,0
2024-01-08 05:00:00,30.01840384143525,60.794259940598614,51.21310914826965,5,0,8,1,0,0
2024-01-08 06:00:00,40.285081944446304,58.433812780962526,104.38224459701509,6,0,8,1,0,0
2024-01-08 07:00:00,51.7968167761682,52.80318280693512,106.91529441774644,7,0,8,1,0,0
2024-01-08 08:00:00,52.196799003466005,54.567416285721634,60.789862887887786,8,0,8,1,0,0
2024-01-08 09:00:00,57.45839616701287,67.38386990949044,144.67686708499826,9,0,8,1,0,1
2024-01-08 10:00:00,48.36803991262342,66.35444810781001,128.97330261000377,10,0,8,1,0,1
2024-01-08 11:00:00,50.518551678424245,64.43559437316053,130.43163346121497,11,0,8,1,0,1
2024-01-08 12:00:00,54.83278724828681,64.90993393822691,111.40617981212458,12,0,8,1,0,1
2024-01-08 13:00:00,55.93861906647025,69.6989235381639,139.11760508102512,13,0,8,1,0,1
2024-01-08 14:00:00,59.3767790493603,64.92426710542264,164.87048371485128,14,0,8,1,0,1
2024-01-08 15:00:00,53.38245878052885,66.72326089263225,122.06579855912952,15,0,8,1,0,1
2024-01-08 16:00:00,61.60333079190424,75.83576255268584,148.50109114529005,16,0,8,1,0,1
2024-01-08 17:00:00,61.50807708800511,61.54147708445245,129.88466506417944,17,0,8,1,0,1
2024-01-08 18:00:00,55.44383045723463,51.908828482539136,82.62657091471605,18,0,8,1,0,0
2024-01-08 19:00:00,45.168030733062075,62.53034944031412,68.80911361649166,19,0,8,1,0,0
2024-01-08 20:00:00,47.593330819907536,56.76100875887473,110.88058127380637,20,0,8,1,0,0
2024-01-08 21:00:00,43.95885556505852,58.282019226907614,91.66694062944768,21,0,8,1,0,0
2024-01-08 22:00:00,28.45423453413222,56.50952953536928,53.35104802773146,22,0,8,1,0,0
2024-01-08 23:00:00,51.739098205483685,58.67393684138679,55.67137324268848,23,0,8,1,0,0
2024-01-09 00:00:00,44.26488698800054,66.18606813139534,70.3636643608829,0,1,9,1,0,0
2024-01-09 01:00:00,41.333301551703485,63.07900299857019,53.32789742744264,1,1,9,1,0,0
2024-01-09 02:00:00,34.90202581722468,63.39775118093242,46.11165144163275,2,1,9,1,0,0
2024-01-09 03:00:00,27.821965028113347,54.36211065850199,58.29499966377847,3,1,9,1,0,0
2024-01-09 04:00:00,42.80095786734201,55.50035875870823,57.84510705154323,4,1,9,1,0,0
2024-01-09 05:00:00,33.82354094798289,48.826406266315054,57.523791524954305,5,1,9,1,0,0
2024-01-09 06:00:00,48.303451634205,57.02273650167418,83.51557231339005,6,1,9,1,0,0
2024-01-09 07:00:00,40.4902035775682,64.16440240723706,109.09072100956897,7,1,9,1,0,0
2024-01-09 08:00:00,,62.48249591107245,131.69945436335334,8,1,9,1,0,0
2024-01-09 09:00:00,50.94445459703096,67.60556661534707,114.43012967516155,9,1,9,1,0,1
2024-01-09 10:00:00,51.23169355505342,68.47911731130793,98.84320219339189,10,1,9,1,0,1
2024-01-09 11:00:00,56.85639949886109,65.88926334738302,126.47089135041341,11,1,9,1,0,1
2024-01-09 12:00:00,43.415325268021405,69.54011574910076,100.2705327139193,12,1,9,1,0,1
2024-01-09 13:00:00,43.740289804987555,71.86065501266339,107.51228197063452,13,1,9,1,0,1
2024-01-09 14:00:00,49.252446229980514,62.40944274224414,122.31116804532238,14,1,9,1,0,1
2024-01-09 15:00:00,53.292422786305224,70.14721431607974,140.24818606001602,15,1,9,1,0,1
2024-01-09 16:00:00,61.86127698561616,72.75378175625205,126.30497078230228,16,1,9,1,0,1
2024-01-09 17:00:00,,67.4388442236753,95.4779242349502,17,1,9,1,0,1
2024-01-09 18:00:00,44.85189491206088,63.9770347044225,86.11591805132414,18,1,9,1,0,0
2024-01-09 19:00:00,42.690730888638896,72.50762005488716,87.1821089848692,19,1,9,1,0,0
2024-01-09 20:00:00,47.58174848270472,60.906183651502296,87.42489519112824,20,1,9,1,0,0
2024-01-09 21:00:00,38.38215245158142,62.97111748150785,106.47727314077727,21,1,9,1,0,0
2024-01-09 22:00:00,34.12991881234514,58.51977670810125,73.59816235664945,22,1,9,1,0,0
2024-01-09 23:00:00,38.21369377679153,62.27090615474609,61.08378072356874,23,1,9,1,0,0
2024-01-10 00:00:00,36.79273985448334,63.4606645687787,90.86716765646644,0,2,10,1,0,0
2024-01-10 01:00:00,35.10073920625436,62.47240350544924,38.42383249808161,1,2,10,1,0,0
2024-01-10 02:00:00,35.19608139407154,57.68748786565944,52.27243651361974,2,2,10,1,0,0
2024-01-10 03:00:00,38.9839863299636,62.66472957365603,58.102216545690744,3,2,10,1,0,0
2024-01-10 04:00:00,52.225459660092454,67.7608573554849,59.63402149145765,4,2,10,1,0,0
2024-01-10 05:00:00,,63.77918496955675,38.66655525740689,5,2,10,1,0,0
2024-01-10 06:00:00,62.51842346574138,65.90493561308784,60.87212010930891,6,2,10,1,0,0
2024-01-10 07:00:00,38.53361371715879,61.181059997846894,89.942937994938,7,2,10,1,0,0
2024-01-10 08:00:00,28.008834205521545,65.2006053794599,66.14787253979553,8,2,10,1,0,0
2024-01-10 09:00:00,50.79395982655391,71.38974729385706,120.03023353746906,9,2,10,1,0,1
2024-01-10 10:00:00,57.734047806217276,66.54047897503933,131.75245261258274,10,2,10,1,0,1
2024-01-10 11:00:00,70.00936671372709,71.68942576320478,110.71613498865959,11,2,10,1,0,1
2024-01-10 12:00:00,,,134.95170685706415,12,2,10,1,0,1
2024-01-10 13:00:00,58.93535337205205,68.02557992086844,217.78983996062667,13,2,10,1,0,1
2024-01-10 14:00:00,44.43813434383486,71.38495263177471,124.5148437620422,14,2,10,1,0,1
2024-01-10 15:00:00,69.65167012683483,71.88692668781364,137.56406122057575,15,2,10,1,0,1
2024-01-10 16:00:00,64.4355209657703,66.01110122740914,128.7661945049282,16,2,10,1,0,1
2024-01-10 17:00:00,51.246594783162365,75.05382646557402,134.59676294445012,17,2,10,1,0,1
2024-01-10 18:00:00,31.29492376727298,65.19553109056325,96.59229072012768,18,2,10,1,0,0
2024-01-10 19:00:00,55.8309789933233,60.1579846442668,88.52535228818437,19,2,10,1,0,0
2024-01-10 20:00:00,44.08368123797906,56.8957209382835,95.46842216033185,20,2,10,1,0,0
2024-01-10 21:00:00,54.902530495787694,62.535372394102815,79.79739785478074,21,2,10,1,0,0
2024-01-10 22:00:00,35.041949597745464,61.399914817047026,67.37168266341602,22,2,10,1,0,0
2024-01-10 23:00:00,35.375844750117935,63.7047183710086,56.56378453617435,23,2,10,1,0,0
2024-01-11 00:00:00,31.39947622816605,61.867924215049996,79.53885595179347,0,3,11,1,0,0
2024-01-11 01:00:00,39.98279945877999,55.35856472428192,62.06492911302069,1,3,11,1,0,0
2024-01-11 02:00:00,35.962365053695194,61.90277226232923,51.7411939949894,2,3,11,1,0,0
2024-01-11 03:00:00,39.115510672469995,62.301217516019406,67.64533846836984,3,3,11,1,0,0
2024-01-11 04:00:00,22.72708663411502,66.1256376622869,80.29200802345088,4,3,11,1,0,0
2024-01-11 05:00:00,45.22141457518807,60.86525969329452,53.00138893195835,5,3,11,1,0,0
2024-01-11 06:00:00,57.409215804180185,70.43958671280724,80.56994629453709,6,3,11,1,0,0
2024-01-11 07:00:00,45.92539707434287,56.14491982257859,50.7280020196158,7,3,11,1,0,0
2024-01-11 08:00:00,61.4859833990559,69.1025099857059,92.02785511481079,8,3,11,1,0,0
2024-01-11 09:00:00,69.04272673954563,71.02668563478547,125.10649443337961,9,3,11,1,0,1
2024-01-11 10:00:00,60.16300759668118,75.42818568293009,137.58005721471022,10,3,11,1,0,1
2024-01-11 11:00:00,65.94905246025878,72.37469955938819,137.9175902487338,11,3,11,1,0,1
2024-01-11 12:00:00,63.4673958947967,76.67912556000704,109.24988834542584,12,3,11,1,0,1
2024-01-11 13:00:00,40.930084108615084,70.6366273283563,143.5259304571041,13,3,11,1,0,1
2024-01-11 14:00:00,52.84474532444354,67.85652685513567,118.509321963994,14,3,11,1,0,1
2024-01-11 15:00:00,60.7403380463677,77.99772029949412,123.08099424252539,15,3,11,1,0,1
2024-01-11 16:00:00,68.02892436457033,71.92623601936369,96.20809907902992,16,3,11,1,0,1
2024-01-11 17:00:00,43.95918833428087,73.33060844640536,135.03952260160864,17,3,11,1,0,1
2024-01-11 18:00:00,31.372940485158765,69.4473582982399,73.5238617305617,18,3,11,1,0,0
2024-01-11 19:00:00,44.55561840882705,60.444265555569565,80.71315577625103,19,3,11,1,0,0
2024-01-11 20:00:00,28.460463199680987,67.01754544472897,72.27027005897672,20,3,11,1,0,0
2024-01-11 21:00:00,44.287039683897696,62.33925726950049,104.93960518269668,21,3,11,1,0,0
2024-01-11 22:00:00,37.93278596877479,64.23317209354985,54.288548942072936,22,3,11,1,0,0
2024-01-11 23:00:00,27.48096170938116,65.1137370527051,40.95802100980781,23,3,11,1,0,0
2024-01-12 00:00:00,34.498567221814625,58.88626355539491,41.883609111849715,0,4,12,1,0,0
2024-01-12 01:00:00,42.64113856400991,61.83409046164513,72.13669186097069,1,4,12,1,0,0
2024-01-12 02:00:00,30.757939053020472,70.41577534886301,47.254186177834555,2,4,12,1,0,0
2024-01-12 03:00:00,28.657017341901245,68.61805089324453,52.75524110890739,3,4,12,1,0,0
2024-01-12 04:00:00,34.14375712036354,64.88428710764425,60.56362289003798,4,4,12,1,0,0
2024-01-12 05:00:00,26.718061420645007,66.16865515842422,55.279637568178615,5,4,12,1,0,0
2024-01-12 06:00:00,90.71780106333111,64.08026355572076,62.55477277187876,6,4,12,1,0,0
2024-01-12 07:00:00,45.28210841577383,70.7443954451412,99.23950509070258,7,4,12,1,0,0
2024-01-12 08:00:00,39.402195936059314,64.57723571317652,86.33957471743298,8,4,12,1,0,0
2024-01-12 09:00:00,56.71183928587378,74.36635404977514,134.4207887935345,9,4,12,1,0,1
2024-01-12 10:00:00,54.10137560247336,78.0832011905544,140.39826402488058,10,4,12,1,0,1
2024-01-12 11:00:00,53.232243203734214,70.44944463084792,99.58484092493727,11,4,12,1,0,1
2024-01-12 12:00:00,50.75599081911578,79.85369204171117,140.54710295854073,12,4,12,1,0,1
2024-01-12 13:00:00,50.39345407484256,67.55604893537091,167.47645725582242,13,4,12,1,0,1
2024-01-12 14:00:00,42.878471502411585,80.25557667256396,136.03402115801947,14,4,12,1,0,1
2024-01-12 15:00:00,,72.30517346138186,149.81493684311064,15,4,12,1,0,1
2024-01-12 16:00:00,,72.88370230858348,144.36990912220028,16,4,12,1,0,1
2024-01-12 17:00:00,57.49000123634829,66.35283175592843,139.9531842774765,17,4,12,1,0,1
2024-01-12 18:00:00,43.97665926815387,64.15182214062773,204.95898351488307,18,4,12,1,0,0
2024-01-12 19:00:00,37.355676475196596,61.86965668099811,107.7283506383834,19,4,12,1,0,0
2024-01-12 20:00:00,68.94919403772558,63.65593224702331,108.40910733121893,20,4,12,1,0,0
2024-01-12 21:00:00,33.621970323218605,65.59466142634744,71.84759245528673,21,4,12,1,0,0
2024-01-12 22:00:00,29.827416926059787,70.0322120612634,75.98064408389405,22,4,12,1,0,0
2024-01-12 23:00:00,26.347615971084842,67.0883517972187,56.129317265832576,23,4,12,1,0,0
2024-01-13 00:00:00,46.49713308058052,67.54529009552132,73.02874853471204,0,5,13,1,1,0
2024-01-13 01:00:00,40.053118055595604,61.98890315276462,61.3711913453329,1,5,13,1,1,0
2024-01-13 02:00:00,33.61894646118095,62.90411355196496,35.65169654907105,2,5,13,1,1,0
2024-01-13 03:00:00,26.10972638937389,73.67793100827943,75.36941598115865,3,5,13,1,1,0
2024-01-13 04:00:00,24.70203076538835,63.59787949506347,42.5761820244567,4,5,13,1,1,0
2024-01-13 05:00:00,31.477290575331136,73.21892087501469,49.409790684638864,5,5,13,1,1,0
2024-01-13 06:00:00,46.40942038025313,65.67699870225235,91.38519858694806,6,5,13,1,1,0
2024-01-13 07:00:00,54.275333123761044,66.71330214277089,68.16489707589055,7,5,13,1,1,0
2024-01-13 08:00:00,27.81145940944687,71.04026908629612,60.7776390477403,8,5,13,1,1,0
2024-01-13 09:00:00,49.50375389352457,79.90078721061812,80.87610165822328,9,5,13,1,1,1
2024-01-13 10:00:00,39.79485944702539,74.42412727931509,76.4707095132145,10,5,13,1,1,1
2024-01-13 11:00:00,41.10299692988243,73.36831611999435,94.1056962491003,11,5,13,1,1,1
2024-01-13 12:00:00,45.388173023558615,74.7512680719517,76.91033219292761,12,5,13,1,1,1
2024-01-13 13:00:00,38.3523990687117,76.38019213770194,81.37994192786245,13,5,13,1,1,1
2024-01-13 14:00:00,43.08841562506872,78.6467394724545,90.68392972856853,14,5,13,1,1,1
2024-01-13 15:00:00,37.739490703667215,75.15135732355584,88.900634857907,15,5,13,1,1,1
2024-01-13 16:00:00,40.38582935545334,77.66264663184845,71.71487623614804,16,5,13,1,1,1
2024-01-13 17:00:00,51.043129806606046,81.79295424400036,94.30447561763447,17,5,13,1,1,1
2024-01-13 18:00:00,39.7946584434338,68.8169179017739,58.25078701859838,18,5,13,1,1,0
2024-01-13 19:00:00,45.01109698697431,68.59020522306614,50.651201649366236,19,5,13,1,1,0
2024-01-13 20:00:00,33.69900992843323,61.31961500569452,139.7353663839216,20,5,13,1,1,0
2024-01-13 21:00:00,43.56478934874527,56.923752384809255,63.33762174338575,21,5,13,1,1,0
2024-01-13 22:00:00,19.9796604969347,69.05134055881425,30.30845551923602,22,5,13,1,1,0
2024-01-13 23:00:00,33.38467957329106,67.16945548111782,41.73162236792242,23,5,13,1,1,0
2024-01-14 00:00:00,38.108739670218995,65.5402865026407,53.756653236060885,0,6,14,1,1,0
2024-01-14 01:00:00,19.70783950184832,68.62395283019414,71.35250671555482,1,6,14,1,1,0
2024-01-14 02:00:00,27.785311137582728,67.45838191253071,49.79246919882574,2,6,14,1,1,0
2024-01-14 03:00:00,33.379189370531314,72.26103264832363,32.95700764188218,3,6,14,1,1,0
2024-01-14 04:00:00,41.050342473715524,68.1440199380233,52.37791514412875,4,6,14,1,1,0
2024-01-14 05:00:00,28.38486504381481,64.86129815501528,70.68150928832009,5,6,14,1,1,0
2024-01-14 06:00:00,43.23843342332226,71.85882110718006,61.456721343015104,6,6,14,1,1,0
2024-01-14 07:00:00,50.5325489652632,67.078546754222,86.19149691771386,7,6,14,1,1,0
2024-01-14 08:00:00,43.61657701744432,70.10188276510428,65.67214878836815,8,6,14,1,1,0
2024-01-14 09:00:00,43.37563691165606,74.13450828917193,92.60847060706415,9,6,14,1,1,1
2024-01-14 10:00:00,47.96916698697047,73.49300880222415,85.27583481316262,10,6,14,1,1,1
2024-01-14 11:00:00,40.16811850627344,76.4769046878393,101.33295137809453,11,6,14,1,1,1
2024-01-14 12:00:00,45.6927182997832,76.23921200887997,114.14510581877364,12,6,14,1,1,1
2024-01-14 13:00:00,43.75458211686336,78.15462154686566,74.95353303494295,13,6,14,1,1,1
2024-01-14 14:00:00,47.70082129660162,75.20789673053736,84.38134076406314,14,6,14,1,1,1
2024-01-14 15:00:00,41.70498427102026,68.98395738559907,99.3401000417669,15,6,14,1,1,1
2024-01-14 16:00:00,48.155617139026376,74.64496827883818,85.8060594516225,16,6,14,1,1,1
2024-01-14 17:00:00,41.6321241534379,79.59775557320233,55.10385403131416,17,6,14,1,1,1
2024-01-14 18:00:00,45.96899762745354,67.27914596756676,61.6814088469812,18,6,14,1,1,0
2024-01-14 19:00:00,36.39181174265727,67.5290360386552,69.67557996473109,19,6,14,1,1,0
2024-01-14 20:00:00,22.69500371857717,72.50574592278912,89.91266934306017,20,6,14,1,1,0
2024-01-14 21:00:00,30.935309512660766,65.75776823510293,67.55307230923763,21,6,14,1,1,0
2024-01-14 22:00:00,33.14734703351641,62.479620625130195,40.79982027463854,22,6,14,1,1,0
2024-01-14 23:00:00,46.41149849820226,68.05323260364382,58.0377138038274,23,6,14,1,1,0
2024-01-15 00:00:00,41.635244649467914,66.80373621698581,82.04676388181244,0,0,15,1,0,0
2024-01-15 01:00:00,17.31091752793692,64.91987317291989,50.66594665659006,1,0,15,1,0,0
2024-01-15 02:00:00,23.171310033761266,68.12752268734643,52.43552976281065,2,0,15,1,0,0
2024-01-15 03:00:00,44.15003234565543,70.83898893354096,50.88264161076563,3,0,15,1,0,0
2024-01-15 04:00:00,40.06225492885028,68.87949385825343,40.657791191854685,4,0,15,1,0,0
2024-01-15 05:00:00,,,60.87674221058475,5,0,15,1,0,0
2024-01-15 06:00:00,41.325112803678046,76.25689883562328,89.10518532011713,6,0,15,1,0,0
2024-01-15 07:00:00,38.20124504428166,67.67469110689825,64.47501212568875,7,0,15,1,0,0
2024-01-15 08:00:00,45.57252989775514,70.2022921986257,77.85412746349074,8,0,15,1,0,0
2024-01-15 09:00:00,51.17874042587907,75.09448809464254,132.81700507063783,9,0,15,1,0,1
2024-01-15 10:00:00,63.30031955406319,73.78809951745927,140.22615113222713,10,0,15,1,0,1
2024-01-15 11:00:00,50.919868809162026,74.87585779735849,144.43754328700152,11,0,15,1,0,1
2024-01-15 12:00:00,52.84100051765303,75.34215750226879,141.51219016831195,12,0,15,1,0,1
2024-01-15 13:00:00,47.169890273741544,78.73655192658867,129.97428769496403,13,0,15,1,0,1
2024-01-15 14:00:00,61.05590893316281,86.7361626155424,208.41919848414696,14,0,15,1,0,1
2024-01-15 15:00:00,47.622677406578994,74.51665046000096,126.62106036262969,15,0,15,1,0,1
2024-01-15 16:00:00,58.307479225789606,75.75504194891434,94.32352510190007,16,0,15,1,0,1
2024-01-15 17:00:00,70.01436650046453,77.2095245471353,132.88977298972037,17,0,15,1,0,1
2024-01-15 18:00:00,30.770238008765773,71.08544012271945,80.18199643502535,18,0,15,1,0,0
2024-01-15 19:00:00,56.968354491913466,70.59643104839209,59.25728225717512,19,0,15,1,0,0
2024-01-15 20:00:00,47.23974901055856,74.71834924387292,95.60300525117653,20,0,15,1,0,0
2024-01-15 21:00:00,35.996087621612986,59.91589150480488,111.83151725872987,21,0,15,1,0,0
2024-01-15 22:00:00,35.875158356839144,60.11298973904256,36.47783529869924,22,0,15,1,0,0
2024-01-15 23:00:00,40.806132991189536,67.71620194744204,166.8581959553877,23,0,15,1,0,0
2024-01-16 00:00:00,28.676204356437506,74.12767705895679,54.09926553383014,0,1,16,1,0,0
2024-01-16 01:00:00,38.77174685708797,63.51440239425837,48.56373074095629,1,1,16,1,0,0
2024-01-16 02:00:00,47.74549301311518,57.78474019944813,48.59454538175804,2,1,16,1,0,0
2024-01-16 03:00:00,30.910274588550518,72.13801933940944,54.095826269504855,3,1,16,1,0,0
2024-01-16 04:00:00,27.083161437931352,70.86572018361542,54.043270026482205,4,1,16,1,0,0
2024-01-16 05:00:00,33.99370463920282,65.56780495910132,59.377923330012784,5,1,16,1,0,0
2024-01-16 06:00:00,45.44579929830956,66.02378551544925,77.19756779907988,6,1,16,1,0,0
2024-01-16 07:00:00,53.75353214776759,66.12403272373368,79.95844629549764,7,1,16,1,0,0
2024-01-16 08:00:00,43.735936811368084,70.48197123142025,98.29357842899222,8,1,16,1,0,0
2024-01-16 09:00:00,81.58495144042064,75.57115022079759,115.95111990634537,9,1,16,1,0,1
2024-01-16 10:00:00,46.90316499791866,80.08900770565508,133.85880131667253,10,1,16,1,0,1
2024-01-16 11:00:00,41.76114662507385,66.73034576405874,124.83284186871322,11,1,16,1,0,1
2024-01-16 12:00:00,44.68031280207157,74.75730537027795,121.82369155006614,12,1,16,1,0,1
2024-01-16 13:00:00,44.63936982349107,73.71611778493622,157.25133444362658,13,1,16,1,0,1
2024-01-16 14:00:00,52.92326918909116,77.23035245503947,110.96063342135344,14,1,16,1,0,1
2024-01-16 15:00:00,42.974856375055154,76.13866678213638,153.0423515928242,15,1,16,1,0,1
2024-01-16 16:00:00,,,142.4973664994415,16,1,16,1,0,1
2024-01-16 17:00:00,54.565641067857506,70.9230808391423,120.54626057493346,17,1,16,1,0,1
2024-01-16 18:00:00,89.79164875956276,70.57682205396932,102.96372577047954,18,1,16,1,0,0
2024-01-16 19:00:00,54.01252023638206,72.66239269344771,149.38684216928235,19,1,16,1,0,0
2024-01-16 20:00:00,42.848890475561355,77.88959062312196,79.20015700167092,20,1,16,1,0,0
2024-01-16 21:00:00,36.14779273006664,68.56965429424444,76.13905788988401,21,1,16,1,0,0
2024-01-16 22:00:00,55.58687842599888,71.82803373031018,65.78624952272543,22,1,16,1,0,0
2024-01-16 23:00:00,35.4737474721159,63.34799352244073,70.53989997748958,23,1,16,1,0,0
2024-01-17 00:00:00,,61.02862991960116,165.5352465673775,0,2,17,1,0,0
2024-01-17 01:00:00,33.84511670460846,74.00832737326408,61.86428542276276,1,2,17,1,0,0
2024-01-17 02:00:00,34.73797383827201,70.63952934857078,74.04084251904024,2,2,17,1,0,0
2024-01-17 03:00:00,30.652601830929882,75.40812789160705,71.65405054397274,3,2,17,1,0,0
2024-01-17 04:00:00,32.96018226063316,65.232538584343,50.20574766251879,4,2,17,1,0,0
2024-01-17 05:00:00,47.03194390866151,72.8375985528779,51.7531596054295,5,2,17,1,0,0
2024-01-17 06:00:00,54.968681539981034,78.26486851221411,100.72761585192087,6,2,17,1,0,0
2024-01-17 07:00:00,28.412878140734804,72.49979449929864,89.23321960476933,7,2,17,1,0,0
2024-01-17 08:00:00,33.73990644225743,71.95844123024588,90.2418718185071,8,2,17,1,0,0
2024-01-17 09:00:00,48.777466499273,78.91725137079287,132.14959457500007,9,2,17,1,0,1
2024-01-17 10:00:00,92.4854271451797,72.63018223341031,103.66843154033936,10,2,17,1,0,1
2024-01-17 11:00:00,65.17244075995328,84.36645047695217,119.57275962884691,11,2,17,1,0,1
2024-01-17 12:00:00,90.77337651234589,76.53094899359783,237.0971817990168,12,2,17,1,0,1
2024-01-17 13:00:00,45.967585830262166,81.02230403804651,119.45632842940648,13,2,17,1,0,1
2024-01-17 14:00:00,50.80383786976181,72.78199638712724,126.4328944386109,14,2,17,1,0,1
2024-01-17 15:00:00,58.914996489823345,74.34582920341435,136.99646931118474,15,2,17,1,0,1
2024-01-17 16:00:00,53.07739681473492,84.83332386514576,144.9558903468046,16,2,17,1,0,1
2024-01-17 17:00:00,52.00143353960322,77.73284419535368,146.91025134033228,17,2,17,1,0,1
2024-01-17 18:00:00,42.11227067344736,76.96400753742219,107.86636024719287,18,2,17,1,0,0
2024-01-17 19:00:00,54.27463842691398,70.86660900691547,87.79719718117049,19,2,17,1,0,0
2024-01-17 20:00:00,79.74481006374707,63.84034082339485,86.25945562241279,20,2,17,1,0,0
2024-01-17 21:00:00,42.523628485488075,74.80437738840118,172.55436024573098,21,2,17,1,0,0
2024-01-17 22:00:00,37.60906417793694,68.90448814049317,81.93381906052093,22,2,17,1,0,0
2024-01-17 23:00:00,24.991091388917575,74.08653898665668,55.643191256583165,23,2,17,1,0,0
2024-01-18 00:00:00,30.818215835847685,71.42012997969412,81.51464504028114,0,3,18,1,0,0
2024-01-18 01:00:00,43.392073806695116,65.17409339300943,64.27131890078353,1,3,18,1,0,0
2024-01-18 02:00:00,22.54696661180877,72.03080274781604,75.7259983172031,2,3,18,1,0,0
2024-01-18 03:00:00,39.84807961076512,80.18535179636781,58.78399341846874,3,3,18,1,0,0
2024-01-18 04:00:00,18.344564736930224,73.39901934221757,68.52410065729177,4,3,18,1,0,0
2024-01-18 05:00:00,48.571650946320304,71.22339610016306,76.29571066808757,5,3,18,1,0,0
2024-01-18 06:00:00,40.640647305528404,75.78101423781837,82.51291572794452,6,3,18,1,0,0
2024-01-18 07:00:00,48.19308891481657,72.34826851805062,107.9575204087178,7,3,18,1,0,0
2024-01-18 08:00:00,45.913821189296314,72.36946671612635,74.32745529145393,8,3,18,1,0,0
2024-01-18 09:00:00,86.20241409169502,75.19034596148563,156.75883892802653,9,3,18,1,0,1
2024-01-18 10:00:00,57.46241415113647,80.51753793761452,132.20947000583627,10,3,18,1,0,1
2024-01-18 11:00:00,41.318652858746994,83.74900163126433,119.79258928353929,11,3,18,1,0,1
2024-01-18 12:00:00,56.366923505023536,76.28784505808864,142.17558357419898,12,3,18,1,0,1
2024-01-18 13:00:00,53.528133309178564,85.35472685047664,134.97877671561832,13,3,18,1,0,1
2024-01-18 14:00:00,80.6819225575251,79.31435419976759,104.3409496834523,14,3,18,1,0,1
2024-01-18 15:00:00,48.7735621967815,76.1543204520427,124.10364698947808,15,3,18,1,0,1
2024-01-18 16:00:00,56.566762040781455,83.71993312320974,114.9802801870305,16,3,18,1,0,1
2024-01-18 17:00:00,47.17301777907974,78.60602095523146,116.16716641852558,17,3,18,1,0,1
2024-01-18 18:00:00,53.23324509860515,74.81483795128013,75.6807284707491,18,3,18,1,0,0
2024-01-18 19:00:00,78.78077985930435,70.63311245643419,97.77328425668118,19,3,18,1,0,0
2024-01-18 20:00:00,47.048237874511,71.58399974224685,103.41349161751403,20,3,18,1,0,0
2024-01-18 21:00:00,52.861527871564114,73.82049188243255,78.50516212827861,21,3,18,1,0,0
2024-01-18 22:00:00,20.273006149346838,73.03257613834501,30.87648299069668,22,3,18,1,0,0
2024-01-18 23:00:00,54.763384266114386,63.90938840480581,24.226417365741263,23,3,18,1,0,0
2024-01-19 00:00:00,39.14127216375299,67.42885964740927,90.96330202278617,0,4,19,1,0,0
2024-01-19 01:00:00,29.194049494772276,75.65358578269199,162.37142313800214,1,4,19,1,0,0
2024-01-19 02:00:00,30.107857576064415,71.4293035754499,72.29609575887142,2,4,19,1,0,0
2024-01-19 03:00:00,23.74671122521422,69.88462236167958,57.06791034621039,3,4,19,1,0,0
2024-01-19 04:00:00,27.193013976181337,66.56674341518385,28.140107728115467,4,4,19,1,0,0
2024-01-19 05:00:00,43.42913437286272,67.70338106899905,66.20424386357521,5,4,19,1,0,0
2024-01-19 06:00:00,,,114.75859444849272,6,4,19,1,0,0
2024-01-19 07:00:00,46.47868898955899,71.65916503480835,80.56181775705836,7,4,19,1,0,0
2024-01-19 08:00:00,40.39489739009781,69.69121371587171,56.73613380961844,8,4,19,1,0,0
2024-01-19 09:00:00,55.97607851716289,76.23908647915619,112.477332582247,9,4,19,1,0,1
2024-01-19 10:00:00,64.19418661028541,79.85321696179567,143.08229658526082,10,4,19,1,0,1
2024-01-19 11:00:00,49.3745885989929,81.60166516289989,134.860546640598,11,4,19,1,0,1
2024-01-19 12:00:00,54.72009207602431,88.53844645120064,248.02897504309314,12,4,19,1,0,1
2024-01-19 13:00:00,69.16640508508408,74.13779398602676,130.1318266394811,13,4,19,1,0,1
2024-01-19 14:00:00,60.662015483643806,84.84232639662214,140.26675716454642,14,4,19,1,0,1
2024-01-19 15:00:00,50.50026579284586,84.11648540697689,123.6820177508063,15,4,19,1,0,1
2024-01-19 16:00:00,59.97447969773757,77.1267882933374,113.51625617907709,16,4,19,1,0,1
2024-01-19 17:00:00,42.43820224087635,81.07498707854315,140.31140132689757,17,4,19,1,0,1
2024-01-19 18:00:00,44.40453256719963,70.45019897152875,103.3508659871319,18,4,19,1,0,0
2024-01-19 19:00:00,49.96537678040542,73.04198048134039,80.89107878870874,19,4,19,1,0,0
2024-01-19 20:00:00,48.04158280804771,78.35405067381947,113.08713518715976,20,4,19,1,0,0
2024-01-19 21:00:00,49.88468596227059,74.75805907349879,113.5859731540549,21,4,19,1,0,0
2024-01-19 22:00:00,,,45.765707583469826,22,4,19,1,0,0
2024-01-19 23:00:00,38.6734406338275,70.65003628945345,46.39645687916909,23,4,19,1,0,0
2024-01-20 00:00:00,36.436945753060684,66.45258042211188,41.04030226385883,0,5,20,1,1,0
2024-01-20 01:00:00,34.66150149730489,71.57227803240299,52.1020113037941,1,5,20,1,1,0
2024-01-20 02:00:00,24.3515476767339,77.24973838339737,48.3654950892399,2,5,20,1,1,0
2024-01-20 03:00:00,41.42522282666323,66.33160114470795,34.427746643505756,3,5,20,1,1,0
2024-01-20 04:00:00,32.68355876914676,68.23669464906042,41.43891412026763,4,5,20,1,1,0
2024-01-20 05:00:00,38.452005578980994,72.97871619148948,22.396663280608788,5,5,20,1,1,0
2024-01-20 06:00:00,76.50627044780798,68.55143364120566,36.53195942845613,6,5,20,1,1,0
2024-01-20 07:00:00,34.87164217426101,69.33618177524073,43.78281413067427,7,5,20,1,1,0
2024-01-20 08:00:00,35.52403018054147,70.82792011338981,95.88054953938963,8,5,20,1,1,0
2024-01-20 09:00:00,42.52662301225089,75.07570064266321,109.50844819036563,9,5,20,1,1,1
2024-01-20 10:00:00,55.04604900458817,76.65735648980272,93.23923835319177,10,5,20,1,1,1
2024-01-20 11:00:00,37.843141582243966,83.38304781134276,73.03781712963395,11,5,20,1,1,1
2024-01-20 12:00:00,56.57582307482986,75.3551688017674,59.56687695252694,12,5,20,1,1,1
2024-01-20 13:00:00,46.5724382120926,74.20829156338559,81.81552326037914,13,5,20,1,1,1
2024-01-20 14:00:00,,,88.63475302246728,14,5,20,1,1,1
2024-01-20 15:00:00,82.11704636498749,83.55733109652371,70.73905589491602,15,5,20,1,1,1
2024-01-20 16:00:00,45.6582719142034,79.8564204257142,87.78955138853314,16,5,20,1,1,1
2024-01-20 17:00:00,53.52384300052281,78.80020581413217,64.3503258414992,17,5,20,1,1,1
2024-01-20 18:00:00,34.861692399197025,72.8502125726618,57.32829811926535,18,5,20,1,1,0
2024-01-20 19:00:00,50.27477952148464,65.70402058809411,62.12987195703587,19,5,20,1,1,0
2024-01-20 20:00:00,35.435979828793826,74.6795724506695,94.06611723462171,20,5,20,1,1,0
2024-01-20 21:00:00,50.627075816941606,74.24821695883412,153.23673866441652,21,5,20,1,1,0
2024-01-20 22:00:00,29.63850546323314,71.0907983229235,90.61832583707871,22,5,20,1,1,0
2024-01-20 23:00:00,30.74572312911594,76.76511495212907,60.55690169596578,23,5,20,1,1,0
2024-01-21 00:00:00,54.96687386598346,68.24464740969935,91.94891623877928,0,6,21,1,1,0
2024-01-21 01:00:00,56.85761947916697,77.27931381365056,39.09610494102828,1,6,21,1,1,0
2024-01-21 02:00:00,32.72252090090575,73.39853059654591,37.19373121595416,2,6,21,1,1,0
2024-01-21 03:00:00,34.87371786029217,71.44705665463044,42.677007051421185,3,6,21,1,1,0
2024-01-21 04:00:00,40.87457918781267,72.72631747131877,54.33508858977912,4,6,21,1,1,0
2024-01-21 05:00:00,31.288089246195927,72.38913280324084,79.40320700120508,5,6,21,1,1,0
2024-01-21 06:00:00,30.01822382750161,77.71153910139351,56.72759326974559,6,6,21,1,1,0
2024-01-21 07:00:00,42.059277969472404,68.53574339522886,79.47767556827347,7,6,21,1,1,0
2024-01-21 08:00:00,40.33161766570445,69.80427302675731,95.00039621571536,8,6,21,1,1,0
2024-01-21 09:00:00,48.939610112065196,85.011290271451,85.85126197992682,9,6,21,1,1,1
2024-01-21 10:00:00,39.89808012598947,78.49550728060959,98.42197753340989,10,6,21,1,1,1
2024-01-21 11:00:00,40.752024359985455,84.491188208012,69.91012403410878,11,6,21,1,1,1
2024-01-21 12:00:00,39.90090298154786,87.69805023199376,88.13597407501085,12,6,21,1,1,1
2024-01-21 13:00:00,54.51213224886041,79.30421908613633,91.99941825185336,13,6,21,1,1,1
2024-01-21 14:00:00,56.36403398391884,83.64778485949427,61.79119123627976,14,6,21,1,1,1
2024-01-21 15:00:00,40.43402965000419,76.31834722905906,68.51800284634244,15,6,21,1,1,1
2024-01-21 16:00:00,40.58221564575223,83.96267577032835,77.48761065951552,16,6,21,1,1,1
2024-01-21 17:00:00,50.063454542044084,81.75191115239835,57.59032408079027,17,6,21,1,1,1
2024-01-21 18:00:00,51.38004161064049,74.85668836242401,55.06561124950257,18,6,21,1,1,0
2024-01-21 19:00:00,53.36702138476417,70.39241535790846,63.164785534762885,19,6,21,1,1,0
2024-01-21 20:00:00,34.09769047612491,41.340387778770875,43.85606183997331,20,6,21,1,1,0
2024-01-21 21:00:00,35.898387520512124,50.007597877302786,93.08361649030223,21,6,21,1,1,0
2024-01-21 22:00:00,35.28692312579924,39.75069657122131,69.16259602530471,22,6,21,1,1,0
2024-01-21 23:00:00,35.675654319896196,46.74447916758134,106.93582781355727,23,6,21,1,1,0
2024-01-22 00:00:00,33.5844221800476,51.7880339609207,41.33270325166701,0,0,22,1,0,0
2024-01-22 01:00:00,28.61362204369237,48.80017721506322,66.74740820589764,1,0,22,1,0,0
2024-01-22 02:00:00,34.734984217009625,55.83509206270497,49.19681968489815,2,0,22,1,0,0
2024-01-22 03:00:00,49.356462908142305,52.15114976310942,43.115175482991226,3,0,22,1,0,0
2024-01-22 04:00:00,30.85910960771063,45.44396875118472,74.20211349767806,4,0,22,1,0,0
2024-01-22 05:00:00,36.790303613111185,48.17752348683464,60.82504404050062,5,0,22,1,0,0
2024-01-22 06:00:00,65.21545940698897,47.88735436373643,84.49194098682378,6,0,22,1,0,0
2024-01-22 07:00:00,40.753049816637436,41.75655790637606,94.31345857750992,7,0,22,1,0,0
2024-01-22 08:00:00,50.45513191701049,44.33195869833386,77.1057972918232,8,0,22,1,0,0
2024-01-22 09:00:00,69.77365860588827,53.858662802289544,116.64146784113478,9,0,22,1,0,1
2024-01-22 10:00:00,59.725238645538475,47.964840192346145,119.70191870269346,10,0,22,1,0,1
2024-01-22 11:00:00,63.869628644663266,56.30757660756402,147.45064082745324,11,0,22,1,0,1
2024-01-22 12:00:00,61.56385744957891,55.12906169694404,146.0318848209144,12,0,22,1,0,1
2024-01-22 13:00:00,59.05819224885838,49.44138667785915,110.7100044022526,13,0,22,1,0,1
2024-01-22 14:00:00,66.05727192830022,57.75729487798209,156.26388912890715,14,0,22,1,0,1
2024-01-22 15:00:00,60.18967910071714,59.011284518591424,129.52722230007845,15,0,22,1,0,1
2024-01-22 16:00:00,53.66305535746517,57.063151633674195,136.4852907130051,16,0,22,1,0,1
2024-01-22 17:00:00,56.17370949146658,54.86583232069135,119.24227148916293,17,0,22,1,0,1
2024-01-22 18:00:00,47.94938647098321,50.534837129487954,90.3163912177588,18,0,22,1,0,0
2024-01-22 19:00:00,41.85328950138111,50.89678673889155,73.03399146746119,19,0,22,1,0,0
2024-01-22 20:00:00,46.528792544159224,49.41223070299714,78.2646911624701,20,0,22,1,0,0
2024-01-22 21:00:00,45.37149238524919,44.89075398436185,102.79747959619787,21,0,22,1,0,0
2024-01-22 22:00:00,40.1638734491286,49.30206913031071,73.18445959605977,22,0,22,1,0,0
2024-01-22 23:00:00,52.30603778644368,52.98392936233629,67.2091289002102,23,0,22,1,0,0
2024-01-23 00:00:00,36.995069469686044,45.821709915439556,53.55547532208737,0,1,23,1,0,0
2024-01-23 01:00:00,47.6196262381078,56.606082691865,40.48336100412982,1,1,23,1,0,0
2024-01-23 02:00:00,39.863172077732315,46.117781676957286,79.499810583932,2,1,23,1,0,0
2024-01-23 03:00:00,36.49287298525086,48.35579553643345,74.40457752130001,3,1,23,1,0,0
2024-01-23 04:00:00,31.428531083595775,45.54197026527811,32.42222065091894,4,1,23,1,0,0
2024-01-23 05:00:00,36.55271994318646,49.13062536164006,73.47175986183521,5,1,23,1,0,0
2024-01-23 06:00:00,46.06375739317501,41.27416992776196,84.48323210143417,6,1,23,1,0,0
2024-01-23 07:00:00,39.399033480486615,46.06429060719939,100.53799970900783,7,1,23,1,0,0
2024-01-23 08:00:00,40.52862522182729,43.88526164402444,68.02537880842667,8,1,23,1,0,0
2024-01-23 09:00:00,88.01769500051617,56.80027713651115,119.97317633720233,9,1,23,1,0,1
2024-01-23 10:00:00,67.52419223387473,60.24178032363689,131.41791351382702,10,1,23,1,0,1
2024-01-23 11:00:00,54.4739979114161,58.8529735471755,157.09133676755442,11,1,23,1,0,1
2024-01-23 12:00:00,43.415888796670046,46.78716135890273,170.00357833480012,12,1,23,1,0,1
2024-01-23 13:00:00,37.409552347039345,64.44682057292336,131.4573368062937,13,1,23,1,0,1
2024-01-23 14:00:00,46.8301374629543,57.46429916924007,146.75021912601284,14,1,23,1,0,1
2024-01-23 15:00:00,60.66685157839483,53.18171571106204,133.48141956892806,15,1,23,1,0,1
2024-01-23 16:00:00,44.75756481063284,56.920653372683944,132.92615388133902,16,1,23,1,0,1
2024-01-23 17:00:00,61.97965862624116,57.00122810708779,138.06218056909643,17,1,23,1,0,1
2024-01-23 18:00:00,50.20160942366929,45.63329990811794,189.12354821503766,18,1,23,1,0,0
2024-01-23 19:00:00,44.20659308976494,49.096487386978644,102.39604975995786,19,1,23,1,0,0
2024-01-23 20:00:00,32.795798632602086,45.87895863850329,74.00951742558479,20,1,23,1,0,0
2024-01-23 21:00:00,39.464735440950044,46.69532916860748,89.22686687088523,21,1,23,1,0,0
2024-01-23 22:00:00,33.07011153714936,45.57149337750298,88.68008203579046,22,1,23,1,0,0
2024-01-23 23:00:00,67.81644317211438,42.58966212767122,77.46090228878907,23,1,23,1,0,0
2024-01-24 00:00:00,24.98768460647645,48.907336275112094,164.81496345529035,0,2,24,1,0,0
2024-01-24 01:00:00,46.55011683258608,50.66873814837073,75.03354250054389,1,2,24,1,0,0
2024-01-24 02:00:00,37.74180277102163,50.39053285634717,83.40383294296396,2,2,24,1,0,0
2024-01-24 03:00:00,38.65402575323027,51.61406677754624,30.7259563067567,3,2,24,1,0,0
2024-01-24 04:00:00,40.14178207894035,49.63500429307091,55.846659663467946,4,2,24,1,0,0
2024-01-24 05:00:00,75.63322024105945,46.20993070524787,49.92418816112884,5,2,24,1,0,0
2024-01-24 06:00:00,46.57216935761176,51.70259013030866,68.96446074864262,6,2,24,1,0,0
2024-01-24 07:00:00,50.672030060708096,42.91688038949714,121.36641409098715,7,2,24,1,0,0
2024-01-24 08:00:00,39.58886158352584,44.747195971509136,98.82115012751748,8,2,24,1,0,0
2024-01-24 09:00:00,69.40752346328652,52.49592842169718,144.43517753899854,9,2,24,1,0,1
2024-01-24 10:00:00,56.02483531928631,60.67571758173285,120.53731673813715,10,2,24,1,0,1
2024-01-24 11:00:00,49.55158674020095,60.129330652357275,125.53199792564708,11,2,24,1,0,1
2024-01-24 12:00:00,81.43053253428175,58.31000059035052,229.92340051959164,12,2,24,1,0,1
2024-01-24 13:00:00,39.88367415243575,60.65102313006486,135.9814564663722,13,2,24,1,0,1
2024-01-24 14:00:00,51.381549446007384,52.848618734187276,141.77777623465565,14,2,24,1,0,1
2024-01-24 15:00:00,35.60896538696835,57.76249989430979,103.33478556444697,15,2,24,1,0,1
2024-01-24 16:00:00,61.28640126920666,55.86971579953566,140.72118474833417,16,2,24,1,0,1
2024-01-24 17:00:00,88.40366049427972,59.76016176662732,126.49413913222412,17,2,24,1,0,1
2024-01-24 18:00:00,37.264190854966294,47.913883193216655,114.11872591678735,18,2,24,1,0,0
2024-01-24 19:00:00,44.618309150864164,46.83708347276955,110.30180471431805,19,2,24,1,0,0
2024-01-24 20:00:00,44.97117968727545,50.542493332409826,94.37068477223919,20,2,24,1,0,0
2024-01-24 21:00:00,35.73308248645966,51.885470687350065,90.48277630555259,21,2,24,1,0,0
2024-01-24 22:00:00,33.23228660936269,45.70927972990897,55.3640064489261,22,2,24,1,0,0
2024-01-24 23:00:00,35.215086711956246,48.14015724822471,66.07235113212403,23,2,24,1,0,0
2024-01-25 00:00:00,63.02258093983522,44.1524309620445,79.35691112064525,0,3,25,1,0,0
2024-01-25 01:00:00,29.54412601601761,38.39561833491353,60.827988637951336,1,3,25,1,0,0
2024-01-25 02:00:00,26.987039920840676,49.19130639238644,51.64831840734951,2,3,25,1,0,0
2024-01-25 03:00:00,32.75119765691236,50.82663251702928,60.489582550363075,3,3,25,1,0,0
2024-01-25 04:00:00,30.430568081737626,49.44076052848673,64.65709131271127,4,3,25,1,0,0
2024-01-25 05:00:00,39.58066225084927,40.59566880904372,43.091043111687796,5,3,25,1,0,0
2024-01-25 06:00:00,86.19484349268802,46.991881749906746,69.53841009272463,6,3,25,1,0,0
2024-01-25 07:00:00,52.39706946330215,39.523194838292554,82.02183374566008,7,3,25,1,0,0
2024-01-25 08:00:00,45.47704295936139,53.87664055286791,114.0803394354271,8,3,25,1,0,0
2024-01-25 09:00:00,49.82450577835541,52.05481309174453,148.35904516356834,9,3,25,1,0,1
2024-01-25 10:00:00,62.161545760221856,61.42178743034858,106.42870002492549,10,3,25,1,0,1
2024-01-25 11:00:00,60.081374413455755,60.18474063532227,116.0144313522702,11,3,25,1,0,1
2024-01-25 12:00:00,65.5391525250746,52.79993843707346,141.495827148586,12,3,25,1,0,1
2024-01-25 13:00:00,56.5807968375392,51.87214777138686,123.79157586587715,13,3,25,1,0,1
2024-01-25 14:00:00,68.887710425322,57.805707339155624,136.9119586542395,14,3,25,1,0,1
2024-01-25 15:00:00,56.58328626770118,53.02782161646777,107.16498522577383,15,3,25,1,0,1
2024-01-25 16:00:00,49.78865597108441,56.81590124757516,130.18254523424358,16,3,25,1,0,1
2024-01-25 17:00:00,51.12891332756543,54.47545208048402,128.6068824791042,17,3,25,1,0,1
2024-01-25 18:00:00,49.182683904284,41.282884631648926,104.51691703505139,18,3,25,1,0,0
2024-01-25 19:00:00,40.41039996849137,39.48635937094508,95.98488236252544,19,3,25,1,0,0
2024-01-25 20:00:00,58.82034536080569,49.315640143652956,92.14485952213825,20,3,25,1,0,0
2024-01-25 21:00:00,48.49058935739226,46.16330364408875,164.1098407199985,21,3,25,1,0,0
2024-01-25 22:00:00,35.3040278253456,46.197767853206905,89.29660797408862,22,3,25,1,0,0
2024-01-25 23:00:00,35.96025061374609,51.194137215591404,70.30434948148016,23,3,25,1,0,0
2024-01-26 00:00:00,32.94098770061324,53.104969187128454,49.33045159575781,0,4,26,1,0,0
2024-01-26 01:00:00,21.651327408979284,47.32150413660534,61.75686324224777,1,4,26,1,0,0
2024-01-26 02:00:00,31.13450830160501,47.0497370938624,54.23418935110618,2,4,26,1,0,0
2024-01-26 03:00:00,47.59189410632026,50.413120150176944,56.91349509484242,3,4,26,1,0,0
2024-01-26 04:00:00,36.795614548479776,42.985190271508,78.08727631074065,4,4,26,1,0,0
2024-01-26 05:00:00,43.37678642089723,49.30589897863139,45.94807147560926,5,4,26,1,0,0
2024-01-26 06:00:00,53.62944666745037,50.62115577415511,100.97847103851572,6,4,26,1,0,0
2024-01-26 07:00:00,44.691932243994344,51.134830007523746,108.81778053571784,7,4,26,1,0,0
2024-01-26 08:00:00,50.21858302730736,40.66716905315616,98.38085755416728,8,4,26,1,0,0
2024-01-26 09:00:00,42.388862744126,53.369004118799296,127.65283935815262,9,4,26,1,0,1
2024-01-26 10:00:00,66.81232279780717,52.901593411030504,118.30937012109824,10,4,26,1,0,1
2024-01-26 11:00:00,66.04073083317961,56.814392598137616,120.22167126202929,11,4,26,1,0,1
2024-01-26 12:00:00,58.95224149026191,58.337999836674626,132.0711761262632,12,4,26,1,0,1
2024-01-26 13:00:00,57.08539012659126,62.40201950899305,101.7080694407346,13,4,26,1,0,1
2024-01-26 14:00:00,54.79556743206844,54.43545318993615,130.7958896939893,14,4,26,1,0,1
2024-01-26 15:00:00,64.38183215407491,54.42514446753036,142.97934634202875,15,4,26,1,0,1
2024-01-26 16:00:00,61.173589685186755,61.01422524981412,108.09248650872269,16,4,26,1,0,1
2024-01-26 17:00:00,32.211659034959396,57.60193225355498,147.86891022447747,17,4,26,1,0,1
2024-01-26 18:00:00,42.100472468774946,53.48630372873724,130.661914485608,18,4,26,1,0,0
2024-01-26 19:00:00,36.04264084299085,49.57066998816104,89.04382071744051,19,4,26,1,0,0
2024-01-26 20:00:00,34.64254819423275,43.78734014947982,86.69972958510489,20,4,26,1,0,0
2024-01-26 21:00:00,54.28661429902816,43.08333145828894,88.08889691415061,21,4,26,1,0,0
2024-01-26 22:00:00,34.62463536896653,42.20982498812882,61.53968292809497,22,4,26,1,0,0
2024-01-26 23:00:00,38.81632661778497,51.06410253352965,55.533057656640594,23,4,26,1,0,0
2024-01-27 00:00:00,33.614575128482045,53.170297049609,24.975538241392936,0,5,27,1,1,0
2024-01-27 01:00:00,22.736062206491443,55.813367487839,51.759577565255384,1,5,27,1,1,0
2024-01-27 02:00:00,20.54734481072199,51.78834526865455,39.31049654576047,2,5,27,1,1,0
2024-01-27 03:00:00,29.5750787122727,53.067280368477185,56.45040532373701,3,5,27,1,1,0
2024-01-27 04:00:00,60.21078292473713,46.095861198550125,73.71112472286906,4,5,27,1,1,0
2024-01-27 05:00:00,30.20593836545257,43.79026333485467,39.76876957098,5,5,27,1,1,0
2024-01-27 06:00:00,36.42691959026094,51.81624485599873,92.29792203098378,6,5,27,1,1,0
2024-01-27 07:00:00,55.61398386848673,50.08665356159199,60.5227108020268,7,5,27,1,1,0
2024-01-27 08:00:00,47.24226763225474,48.84571442803303,53.39260521739963,8,5,27,1,1,0
2024-01-27 09:00:00,46.91031327221211,57.96543383280364,92.30857675592932,9,5,27,1,1,1
2024-01-27 10:00:00,44.42718992468749,57.70870667099679,74.83240223944313,10,5,27,1,1,1
2024-01-27 11:00:00,44.702222107921266,61.55125611233716,81.33090201725499,11,5,27,1,1,1
2024-01-27 12:00:00,50.86112061772464,61.595963294215466,82.34620988425631,12,5,27,1,1,1
2024-01-27 13:00:00,44.35426735913134,58.592944245789894,91.37355391981065,13,5,27,1,1,1
2024-01-27 14:00:00,52.33062139761985,59.79932705656757,80.88482005362214,14,5,27,1,1,1
2024-01-27 15:00:00,47.77190780718394,58.472430602987956,79.23172836721082,15,5,27,1,1,1
2024-01-27 16:00:00,61.706997638245824,54.57157963758572,76.14386892579293,16,5,27,1,1,1
2024-01-27 17:00:00,73.8832829747586,59.44261003131757,89.74216059379569,17,5,27,1,1,1
2024-01-27 18:00:00,47.86546253390013,42.83847966335247,58.08008967351579,18,5,27,1,1,0
2024-01-27 19:00:00,,52.6321518435635,86.29603740249611,19,5,27,1,1,0
2024-01-27 20:00:00,34.00984831443356,43.63863790622721,66.51407721300333,20,5,27,1,1,0
2024-01-27 21:00:00,54.31225083093429,49.560106425099235,40.7869431114282,21,5,27,1,1,0
2024-01-27 22:00:00,39.960541845510036,45.03646188446929,58.64590168704003,22,5,27,1,1,0
2024-01-27 23:00:00,36.96545510378084,50.630840163736316,61.13627987747298,23,5,27,1,1,0
2024-01-28 00:00:00,52.2273246819062,48.281813158837274,74.49584117781657,0,6,28,1,1,0
2024-01-28 01:00:00,32.539049623731316,42.03874462310316,42.933949429727384,1,6,28,1,1,0
2024-01-28 02:00:00,41.84420746366387,50.10084717877283,40.84954371571061,2,6,28,1,1,0
2024-01-28 03:00:00,42.496242444483045,46.10667279503778,63.906899285273255,3,6,28,1,1,0
2024-01-28 04:00:00,46.067452258408764,51.9432783243353,71.51612888291669,4,6,28,1,1,0
2024-01-28 05:00:00,23.829236855850496,48.42435926738511,42.3743255547564,5,6,28,1,1,0
2024-01-28 06:00:00,38.48689322725606,50.001136298888355,70.08355087991082,6,6,28,1,1,0
2024-01-28 07:00:00,41.63009928242784,44.589604395788456,65.14094383766846,7,6,28,1,1,0
2024-01-28 08:00:00,51.909690152469175,46.06301240157829,54.86420444353898,8,6,28,1,1,0
2024-01-28 09:00:00,48.628274412111836,54.58628238571678,80.260043915177,9,6,28,1,1,1
2024-01-28 10:00:00,54.51576391139712,59.848178182927036,98.27833395492448,10,6,28,1,1,1
2024-01-28 11:00:00,35.17913747890406,63.13144491073091,82.57832753176477,11,6,28,1,1,1
2024-01-28 12:00:00,42.61949197312006,53.20185605159602,79.47370431956678,12,6,28,1,1,1
2024-01-28 13:00:00,56.00565450649296,60.73058157259817,91.05468608441107,13,6,28,1,1,1
2024-01-28 14:00:00,43.61542540572904,47.745165928655005,99.80616518112633,14,6,28,1,1,1
2024-01-28 15:00:00,45.12463238065174,51.64784650380173,67.52815393555471,15,6,28,1,1,1
2024-01-28 16:00:00,57.756040505799774,52.590261926844306,86.71666886312279,16,6,28,1,1,1
2024-01-28 17:00:00,38.22430921345338,51.016157002762796,76.6156242223088,17,6,28,1,1,1
2024-01-28 18:00:00,33.88830601848398,42.09269980542065,66.64546459981922,18,6,28,1,1,0
2024-01-28 19:00:00,28.415281652740013,50.07995744073578,76.30286866518384,19,6,28,1,1,0
2024-01-28 20:00:00,52.13612128109095,47.57264747974185,61.752721726801866,20,6,28,1,1,0
2024-01-28 21:00:00,47.07853671474108,49.947545616483026,35.62440129485741,21,6,28,1,1,0
2024-01-28 22:00:00,40.85412389593275,51.192871027752055,52.771584306412606,22,6,28,1,1,0
2024-01-28 23:00:00,30.40134893193102,49.49455623854472,68.8678666939,23,6,28,1,1,0
2024-01-29 00:00:00,23.883420265891232,51.0643019007277,66.75233450919971,0,0,29,1,0,0
2024-01-29 01:00:00,21.836810024344864,48.15633515008599,58.4346232584287,1,0,29,1,0,0
2024-01-29 02:00:00,46.074182548084146,43.687761229038195,62.09477511323845,2,0,29,1,0,0
2024-01-29 03:00:00,39.51127296041888,52.66831859926296,60.975369467831705,3,0,29,1,0,0
2024-01-29 04:00:00,41.07142871829412,46.08199826190652,33.84491096405196,4,0,29,1,0,0
2024-01-29 05:00:00,37.249531391755006,44.69750555373975,62.3523452414729,5,0,29,1,0,0
2024-01-29 06:00:00,38.96828328906659,47.72972345393603,70.94456930512371,6,0,29,1,0,0
2024-01-29 07:00:00,42.75459938506581,44.791716953329775,107.3204065007508,7,0,29,1,0,0
2024-01-29 08:00:00,37.091271142792664,46.774867451773964,70.63586670760164,8,0,29,1,0,0
2024-01-29 09:00:00,46.17128546227383,57.82249690034382,123.89538450439943,9,0,29,1,0,1
2024-01-29 10:00:00,62.346532848018505,57.841405498266774,121.12907905242929,10,0,29,1,0,1
2024-01-29 11:00:00,42.43599517101458,52.8585419016704,153.32797801221014,11,0,29,1,0,1
2024-01-29 12:00:00,47.140100851693525,54.50093180497379,146.60065636430977,12,0,29,1,0,1
2024-01-29 13:00:00,53.202934800023804,60.75104515127002,95.88068453190701,13,0,29,1,0,1
2024-01-29 14:00:00,55.84300404916768,58.44134334557114,129.81934670560102,14,0,29,1,0,1
2024-01-29 15:00:00,44.32779604065436,64.75810388075587,113.18848523955626,15,0,29,1,0,1
2024-01-29 16:00:00,42.25605013174665,61.180529570810435,132.40974910529675,16,0,29,1,0,1
2024-01-29 17:00:00,58.52379790368319,61.03943580199168,139.9339447323943,17,0,29,1,0,1
2024-01-29 18:00:00,76.79131307251728,42.9131106710925,93.67671426558927,18,0,29,1,0,0
2024-01-29 19:00:00,55.91312343979075,51.522423509833274,100.90191069602706,19,0,29,1,0,0
2024-01-29 20:00:00,45.97838002425827,48.25702920218266,86.14421386780403,20,0,29,1,0,0
2024-01-29 21:00:00,49.3463842322911,46.26808176391474,94.16328770240298,21,0,29,1,0,0
2024-01-29 22:00:00,29.38406649754596,49.14670235890533,70.32307959679324,22,0,29,1,0,0
2024-01-29 23:00:00,29.696792659592415,52.258199787735705,53.34589754688921,23,0,29,1,0,0
2024-01-30 00:00:00,25.049094116869718,50.48347448180951,47.192653687434344,0,1,30,1,0,0
2024-01-30 01:00:00,29.45675841763274,44.96913037705145,50.352249869594544,1,1,30,1,0,0
2024-01-30 02:00:00,32.64040257366378,51.45582287560227,58.23517602596754,2,1,30,1,0,0
2024-01-30 03:00:00,44.981936581389874,45.9386840418817,60.22541625430645,3,1,30,1,0,0
2024-01-30 04:00:00,28.317223573921943,49.35890019896095,65.04416833871343,4,1,30,1,0,0
2024-01-30 05:00:00,52.161193022187106,47.28198866173773,48.944559582709545,5,1,30,1,0,0
2024-01-30 06:00:00,50.070215047456784,47.62323399833782,100.78752999533155,6,1,30,1,0,0
2024-01-30 07:00:00,48.31039277961199,51.567071011413695,117.29657680968896,7,1,30,1,0,0
2024-01-30 08:00:00,45.35049177583288,44.34481553529164,81.23398535105953,8,1,30,1,0,0
2024-01-30 09:00:00,53.82398398697209,64.28995437501375,166.78554869303085,9,1,30,1,0,1
2024-01-30 10:00:00,50.54006571993733,49.22850698453203,159.75450478654028,10,1,30,1,0,1
2024-01-30 11:00:00,44.04157616336738,54.125952391015815,130.17820651776688,11,1,30,1,0,1
2024-01-30 12:00:00,48.570603456242154,58.00133838034966,227.7929074277884,12,1,30,1,0,1
2024-01-30 13:00:00,68.11293444355255,58.861712170398825,120.15063893800443,13,1,30,1,0,1
2024-01-30 14:00:00,59.551864633482204,56.126615444853584,143.10984626510324,14,1,30,1,0,1
2024-01-30 15:00:00,68.0271729850283,56.303117624452014,131.17658869125506,15,1,30,1,0,1
2024-01-30 16:00:00,50.34655268841085,58.1791433198663,132.7449167446789,16,1,30,1,0,1
2024-01-30 17:00:00,46.88194615445707,55.61702918703667,117.48592985398052,17,1,30,1,0,1
2024-01-30 18:00:00,45.27266774607381,54.11849896402717,103.57443062241299,18,1,30,1,0,0
2024-01-30 19:00:00,38.840214151530866,51.90774108006942,86.61289876385938,19,1,30,1,0,0
2024-01-30 20:00:00,46.87028729432598,52.04631770918671,74.1794331755112,20,1,30,1,0,0
2024-01-30 21:00:00,32.55283483037098,44.69517521797495,88.99154539205803,21,1,30,1,0,0
2024-01-30 22:00:00,19.050114859428355,48.24713747485001,148.37555763904024,22,1,30,1,0,0
2024-01-30 23:00:00,37.99245255878058,47.36782482110111,80.52141355222346,23,1,30,1,0,0
2024-01-31 00:00:00,48.38057909470163,44.55239006429361,89.5037544376238,0,2,31,1,0,0
2024-01-31 01:00:00,38.35215207492836,50.020669883782446,59.41283959547487,1,2,31,1,0,0
2024-01-31 02:00:00,39.46661530017378,46.4347594472665,76.12832311772874,2,2,31,1,0,0
2024-01-31 03:00:00,35.60804313129929,51.212399994376,75.70914612839194,3,2,31,1,0,0
2024-01-31 04:00:00,36.35488659228862,44.31557460013269,15.686265881369529,4,2,31,1,0,0
2024-01-31 05:00:00,23.69028402476016,55.4781745710512,50.37409284521806,5,2,31,1,0,0
2024-01-31 06:00:00,39.115760459281866,45.022468952744475,91.833645068206,6,2,31,1,0,0
2024-01-31 07:00:00,54.8887454016835,49.490913708109225,83.71554831718149,7,2,31,1,0,0
2024-01-31 08:00:00,36.261497882619366,51.78716478019884,79.26730521772157,8,2,31,1,0,0
2024-01-31 09:00:00,52.46873240244158,54.34330850374777,146.82248817774894,9,2,31,1,0,1
2024-01-31 10:00:00,64.70478159983347,60.042008087174814,123.1495357746513,10,2,31,1,0,1
2024-01-31 11:00:00,56.13373530911924,51.72178410754475,135.08490270714128,11,2,31,1,0,1
2024-01-31 12:00:00,56.536392931920254,62.45349706756179,145.32452820741412,12,2,31,1,0,1
2024-01-31 13:00:00,52.527068286379986,56.70825497686487,151.5455205136563,13,2,31,1,0,1
2024-01-31 14:00:00,90.66486941350873,54.27276888958837,114.24720193957496,14,2,31,1,0,1
2024-01-31 15:00:00,62.653618534356674,55.46857007559056,115.41552632897748,15,2,31,1,0,1
2024-01-31 16:00:00,48.7120843159364,59.90798400401364,133.3589031091991,16,2,31,1,0,1
2024-01-31 17:00:00,44.35013637153777,54.34162371224324,100.80212070461704,17,2,31,1,0,1
2024-01-31 18:00:00,30.31035701517363,45.68928133876482,76.07670048977974,18,2,31,1,0,0
2024-01-31 19:00:00,49.06393061530035,47.807963254857995,108.65142417154388,19,2,31,1,0,0
2024-01-31 20:00:00,48.10862883624771,43.9937901398352,99.5299379282431,20,2,31,1,0,0
2024-01-31 21:00:00,64.94399613946233,55.99147562716372,88.2349904671072,21,2,31,1,0,0
2024-01-31 22:00:00,35.65463486838052,46.451516552240925,67.11950228350189,22,2,31,1,0,0
2024-01-31 23:00:00,34.20888277447086,52.0514915558715,70.6138773296193,23,2,31,1,0,0
2024-02-01 00:00:00,37.13913851257522,49.57096986389822,39.36548866820458,0,3,1,2,0,0
2024-02-01 01:00:00,37.57358244956811,44.80315511801353,52.89531813523213,1,3,1,2,0,0
2024-02-01 02:00:00,33.60032194643673,48.72581199115484,95.53930951217245,2,3,1,2,0,0
2024-02-01 03:00:00,28.95403872405724,51.89412021225334,80.93151123298779,3,3,1,2,0,0
2024-02-01 04:00:00,35.22544925895303,48.01368181865107,63.62703107333623,4,3,1,2,0,0
2024-02-01 05:00:00,34.92704802684637,53.547937837914006,64.52110604671677,5,3,1,2,0,0
2024-02-01 06:00:00,44.79978433003885,52.870448383704016,89.45129940184731,6,3,1,2,0,0
2024-02-01 07:00:00,51.5421303936023,52.469089879308555,63.932930762302504,7,3,1,2,0,0
2024-02-01 08:00:00,45.08282095874704,46.963990933620586,81.00540007768194,8,3,1,2,0,0
2024-02-01 09:00:00,44.50531014119872,52.492580727871434,136.17929498592713,9,3,1,2,0,1
2024-02-01 10:00:00,80.12390238272573,54.367078544764,123.23045703484503,10,3,1,2,0,1
2024-02-01 11:00:00,53.50422957611643,57.61601814006951,114.73132764284261,11,3,1,2,0,1
2024-02-01 12:00:00,55.45319939917686,59.023974616051774,116.4932730793296,12,3,1,2,0,1
2024-02-01 13:00:00,59.237542034853846,48.16446450639589,151.2918352119676,13,3,1,2,0,1
2024-02-01 14:00:00,55.51579531848096,56.82836966344039,122.45696869493567,14,3,1,2,0,1
2024-02-01 15:00:00,39.19626746916903,57.50340269475357,147.6829890555541,15,3,1,2,0,1
2024-02-01 16:00:00,45.32244205727114,55.77124406531061,134.59201829654134,16,3,1,2,0,1
2024-02-01 17:00:00,59.79942983996963,62.057044707902364,126.53410694738652,17,3,1,2,0,1
2024-02-01 18:00:00,43.29245703255834,50.58975186105385,78.60490473371169,18,3,1,2,0,0
2024-02-01 19:00:00,56.92580909479962,54.15423634247359,99.95469520549263,19,3,1,2,0,0
2024-02-01 20:00:00,46.18933965761689,48.06061968780614,105.57018790973943,20,3,1,2,0,0
2024-02-01 21:00:00,42.303312231055685,52.68552168642075,101.46319805008284,21,3,1,2,0,0
2024-02-01 22:00:00,30.092778691672482,55.487185101067325,40.71203974080427,22,3,1,2,0,0
2024-02-01 23:00:00,32.580242508094976,54.205159953293126,52.417653668332335,23,3,1,2,0,0
2024-02-02 00:00:00,36.28459184839892,44.60144620574597,54.098431555881746,0,4,2,2,0,0
2024-02-02 01:00:00,35.024368161227315,47.96709544190044,31.362038115341356,1,4,2,2,0,0
2024-02-02 02:00:00,42.59643308353059,47.61308980754914,66.96376857184505,2,4,2,2,0,0
2024-02-02 03:00:00,23.120816252400772,50.9628783028774,69.1370327858027,3,4,2,2,0,0
2024-02-02 04:00:00,24.06497041267663,51.76354951900908,68.58667959232653,4,4,2,2,0,0
2024-02-02 05:00:00,,45.67500428550158,65.955700048236,5,4,2,2,0,0
2024-02-02 06:00:00,49.331701825638305,49.31453420520656,85.30984245520087,6,4,2,2,0,0
2024-02-02 07:00:00,81.07324128242118,40.9762424089981,78.0601663498687,7,4,2,2,0,0
2024-02-02 08:00:00,70.38791679418625,54.83667069977194,85.2587555831554,8,4,2,2,0,0
2024-02-02 09:00:00,34.27166166284072,55.03250093018186,134.71508024697147,9,4,2,2,0,1
2024-02-02 10:00:00,50.63004441398014,57.318730068291046,149.2419245325847,10,4,2,2,0,1
2024-02-02 11:00:00,58.13443204322037,55.87012198677311,131.17011127718285,11,4,2,2,0,1
2024-02-02 12:00:00,54.87752120661604,61.70644870821392,130.66093851109898,12,4,2,2,0,1
2024-02-02 13:00:00,59.634331996808704,45.78610214918724,102.46346865734364,13,4,2,2,0,1
2024-02-02 14:00:00,64.57257201331593,57.08364889853164,135.72029251870427,14,4,2,2,0,1
2024-02-02 15:00:00,53.73176341578424,56.74095133828435,150.482896937894,15,4,2,2,0,1
2024-02-02 16:00:00,51.45374199046792,55.36399156232522,128.35203815347097,16,4,2,2,0,1
2024-02-02 17:00:00,47.92157828778479,64.09792957585776,127.23869699476121,17,4,2,2,0,1
2024-02-02 18:00:00,34.024790856549146,45.65836826256305,184.36749939886644,18,4,2,2,0,0
2024-02-02 19:00:00,32.09150881698607,52.30971081907785,100.49196370343553,19,4,2,2,0,0
2024-02-02 20:00:00,39.64741809072067,50.662555463584624,61.87488918792096,20,4,2,2,0,0
2024-02-02 21:00:00,53.31923749916861,54.29881857854669,107.6998279453468,21,4,2,2,0,0
2024-02-02 22:00:00,70.42340697071415,46.59936242002486,56.595863007931136,22,4,2,2,0,0
2024-02-02 23:00:00,31.09670873483438,46.351801150024464,66.00000008420349,23,4,2,2,0,0
2024-02-03 00:00:00,50.25846570612403,53.683696021516596,65.73041081361191,0,5,3,2,1,0
2024-02-03 01:00:00,28.154280615973292,51.01662378422492,140.32574046769145,1,5,3,2,1,0
2024-02-03 02:00:00,43.413930315190385,43.15169468964913,53.701224055504035,2,5,3,2,1,0
2024-02-03 03:00:00,45.49208957381482,47.19051375746909,150.28179821382005,3,5,3,2,1,0
2024-02-03 04:00:00,36.67977714351293,50.909739225949494,36.98743282083314,4,5,3,2,1,0
2024-02-03 05:00:00,27.57827704198315,52.73192618637615,69.43770654191951,5,5,3,2,1,0
2024-02-03 06:00:00,36.07742758950313,46.68079410492899,61.10196221198143,6,5,3,2,1,0
2024-02-03 07:00:00,70.47744244691927,37.75772773263538,48.43612659288819,7,5,3,2,1,0
2024-02-03 08:00:00,28.222989683762428,51.52486778986885,66.59570732579452,8,5,3,2,1,0
2024-02-03 09:00:00,37.22708769191479,52.568104842392046,60.656846382826686,9,5,3,2,1,1
2024-02-03 10:00:00,36.62471213854448,49.39763497983962,75.23508974456036,10,5,3,2,1,1
2024-02-03 11:00:00,49.29322202021829,46.15547986740216,86.40924081914743,11,5,3,2,1,1
2024-02-03 12:00:00,54.48563323730397,60.75869203315073,59.292542481327196,12,5,3,2,1,1
2024-02-03 13:00:00,80.75162648532054,58.03541584938496,91.46313405394233,13,5,3,2,1,1
2024-02-03 14:00:00,52.96838148644653,56.63669120626767,83.36752219999659,14,5,3,2,1,1
2024-02-03 15:00:00,38.945639291444316,63.11397887899688,93.8230621119578,15,5,3,2,1,1
2024-02-03 16:00:00,42.41856128926291,60.12593965982576,93.64342757086159,16,5,3,2,1,1
2024-02-03 17:00:00,42.99333586835962,64.06079618277812,74.74099832573151,17,5,3,2,1,1
2024-02-03 18:00:00,72.64710217665285,44.043805567070066,59.12962225478165,18,5,3,2,1,0
2024-02-03 19:00:00,56.32001875920867,49.49589353467272,73.13002388141237,19,5,3,2,1,0
2024-02-03 20:00:00,33.85185415695886,43.18678900263397,50.16015282109735,20,5,3,2,1,0
2024-02-03 21:00:00,46.422721024649896,48.75585830546519,50.249178152652206,21,5,3,2,1,0
2024-02-03 22:00:00,45.22774741130026,48.69886876317511,44.748369577204386,22,5,3,2,1,0
2024-02-03 23:00:00,37.06268605031699,52.219931438927404,33.78006323449247,23,5,3,2,1,0
2024-02-04 00:00:00,30.080378163656917,49.91607803873519,36.285412745034215,0,6,4,2,1,0
2024-02-04 01:00:00,26.286322661287947,52.24799834559677,36.72478336448485,1,6,4,2,1,0
2024-02-04 02:00:00,24.64152644783173,52.58887999367573,49.1543644684049,2,6,4,2,1,0
2024-02-04 03:00:00,17.269147284991988,58.41578696088608,48.49144498801071,3,6,4,2,1,0
2024-02-04 04:00:00,31.229971011313825,48.5560422682114,68.22214425708074,4,6,4,2,1,0
2024-02-04 05:00:00,30.785493600888636,46.07449929354434,49.41068352702612,5,6,4,2,1,0
2024-02-04 06:00:00,45.88378790687796,50.844491049149376,64.56988363204977,6,6,4,2,1,0
2024-02-04 07:00:00,34.33538049144849,46.672808966655595,91.95482722285753,7,6,4,2,1,0
2024-02-04 08:00:00,37.66302628970871,55.83175133763244,32.31621153652256,8,6,4,2,1,0
2024-02-04 09:00:00,47.2606396039064,56.7932226986392,84.93104831924981,9,6,4,2,1,1
2024-02-04 10:00:00,48.92779961310601,55.6861840706531,78.61759864998047,10,6,4,2,1,1
2024-02-04 11:00:00,50.87902228839854,56.0858301326,86.43267537385508,11,6,4,2,1,1
2024-02-04 12:00:00,46.448172469629654,60.867575658384624,73.61806271672565,12,6,4,2,1,1
2024-02-04 13:00:00,34.62534441635323,57.38594113077876,77.318921019209,13,6,4,2,1,1
2024-02-04 14:00:00,48.19750361402113,55.473495708724,100.43284825300839,14,6,4,2,1,1
2024-02-04 15:00:00,39.78914484966537,64.72501608076514,88.91617048444652,15,6,4,2,1,1
2024-02-04 16:00:00,54.90626457146909,54.66258662799726,78.03466250194799,16,6,4,2,1,1
2024-02-04 17:00:00,45.1701726138885,58.25340068505632,70.38694272470649,17,6,4,2,1,1
2024-02-04 18:00:00,40.92602543590855,52.74444486479091,50.11182437440647,18,6,4,2,1,0
2024-02-04 19:00:00,59.813464913443156,43.63417780515479,58.49608475119987,19,6,4,2,1,0
2024-02-04 20:00:00,45.02673296883626,52.10507300251629,24.392775900991246,20,6,4,2,1,0
2024-02-04 21:00:00,42.04926707906222,45.988328443816634,63.3057041789155,21,6,4,2,1,0
2024-02-04 22:00:00,61.89235212812981,53.52483444849156,79.88540689222157,22,6,4,2,1,0
2024-02-04 23:00:00,23.205614109685072,46.40826011386228,55.82766696198681,23,6,4,2,1,0
2024-02-05 00:00:00,33.327813941711796,53.055318403259555,49.989999281752795,0,0,5,2,0,0
2024-02-05 01:00:00,28.1958363663256,54.733170548858055,26.3712609823663,1,0,5,2,0,0
2024-02-05 02:00:00,48.359236034811246,53.78139889761321,47.994968907520445,2,0,5,2,0,0
2024-02-05 03:00:00,38.15737223858385,51.366953007660825,52.51519116031332,3,0,5,2,0,0
2024-02-05 04:00:00,44.57305189316521,49.46273596999795,63.25811906292601,4,0,5,2,0,0
2024-02-05 05:00:00,60.12173676544494,48.1087350644332,53.02849164132408,5,0,5,2,0,0
2024-02-05 06:00:00,38.72081349534208,56.32524665030239,116.74358400097717,6,0,5,2,0,0
2024-02-05 07:00:00,50.186243470750874,47.670042995466225,86.28989419462265,7,0,5,2,0,0
2024-02-05 08:00:00,37.9000625775832,46.34689761990013,104.78099567175074,8,0,5,2,0,0
2024-02-05 09:00:00,51.50033359741272,61.1839983128431,106.21231539421228,9,0,5,2,0,1
2024-02-05 10:00:00,68.81571080986724,55.36555920496818,128.9033904698659,10,0,5,2,0,1
2024-02-05 11:00:00,51.802910515083184,54.77766001972546,118.1384362137197,11,0,5,2,0,1
2024-02-05 12:00:00,43.65307413653575,52.83152885446916,145.23905835345334,12,0,5,2,0,1
2024-02-05 13:00:00,70.91352950415379,56.7025632897484,123.94930381046976,13,0,5,2,0,1
2024-02-05 14:00:00,42.79474948343924,58.33182469091098,148.91274279998964,14,0,5,2,0,1
2024-02-05 15:00:00,65.10067282741745,59.66375976845587,139.24995964706676,15,0,5,2,0,1
2024-02-05 16:00:00,50.585134832860426,62.52555237103388,122.06502378695309,16,0,5,2,0,1
2024-02-05 17:00:00,75.46559428534601,60.857080615864255,113.86395027337583,17,0,5,2,0,1
2024-02-05 18:00:00,57.336879620543,50.01538908265648,78.95904519797229,18,0,5,2,0,0
2024-02-05 19:00:00,61.04874310527298,50.015712322594354,85.3359372547336,19,0,5,2,0,0
2024-02-05 20:00:00,53.1925002064917,52.878970508166184,99.14820070785629,20,0,5,2,0,0
2024-02-05 21:00:00,49.74021559360946,55.95869592961897,89.40110304939954,21,0,5,2,0,0
2024-02-05 22:00:00,28.454408932621543,51.40397626037657,71.92384670813338,22,0,5,2,0,0
2024-02-05 23:00:00,34.973004340712386,49.05273026167541,80.23702657670144,23,0,5,2,0,0
2024-02-06 00:00:00,40.57109957965372,46.98855440842594,60.17794018771176,0,1,6,2,0,0
2024-02-06 01:00:00,42.64244166856409,45.21019308842873,45.28817987379661,1,1,6,2,0,0
2024-02-06 02:00:00,25.86648708693196,53.68732004172534,65.13159059475628,2,1,6,2,0,0
2024-02-06 03:00:00,33.45072432576225,53.365614599066035,88.75888722639185,3,1,6,2,0,0
2024-02-06 04:00:00,34.33855451325841,53.394846162894225,72.82802261622393,4,1,6,2,0,0
2024-02-06 05:00:00,34.02601993293373,50.60267869973242,63.96435315229876,5,1,6,2,0,0
2024-02-06 06:00:00,36.80650540536636,56.77721320798251,76.98036866207502,6,1,6,2,0,0
2024-02-06 07:00:00,59.832740530673505,49.24539174800849,86.79610136692436,7,1,6,2,0,0
2024-02-06 08:00:00,43.18812720920135,55.03556837997775,67.00974043614399,8,1,6,2,0,0
2024-02-06 09:00:00,47.32448610621216,59.09238019321731,113.07113990354448,9,1,6,2,0,1
2024-02-06 10:00:00,70.07669044747688,56.84704412220063,135.44506427209114,10,1,6,2,0,1
2024-02-06 11:00:00,67.34594822617751,61.68389930626142,104.18383718559296,11,1,6,2,0,1
2024-02-06 12:00:00,56.12708997528963,60.98588935285534,124.62394636730667,12,1,6,2,0,1
2024-02-06 13:00:00,40.852485075497185,60.80903903220178,111.62500167009924,13,1,6,2,0,1
2024-02-06 14:00:00,51.271707985054064,59.74030152118054,113.71378433827675,14,1,6,2,0,1
2024-02-06 15:00:00,42.242375461865635,59.29789246372026,130.44694247682136,15,1,6,2,0,1
2024-02-06 16:00:00,59.108800852557735,69.0374672325866,118.97783653698714,16,1,6,2,0,1
2024-02-06 17:00:00,50.738393282704706,64.25575821242964,109.01157611163053,17,1,6,2,0,1
2024-02-06 18:00:00,44.77988075959491,54.44502986333989,181.5710482921311,18,1,6,2,0,0
2024-02-06 19:00:00,59.17801277335795,52.03614822441,68.5664309023241,19,1,6,2,0,0
2024-02-06 20:00:00,40.18230351710576,55.65304872789397,107.83839691883678,20,1,6,2,0,0
2024-02-06 21:00:00,,,100.00867721143862,21,1,6,2,0,0
2024-02-06 22:00:00,41.12864222707752,51.80089412874071,69.9380405009792,22,1,6,2,0,0
2024-02-06 23:00:00,44.81546579107446,50.51800538342606,47.65716147722351,23,1,6,2,0,0
2024-02-07 00:00:00,34.19876738816038,51.44502134361608,65.94550434701027,0,2,7,2,0,0
2024-02-07 01:00:00,33.37060999858427,39.123656542762745,62.54621651955993,1,2,7,2,0,0
2024-02-07 02:00:00,33.188168864787784,52.684672750984184,48.667516752990764,2,2,7,2,0,0
2024-02-07 03:00:00,37.93892405452942,49.92551642363297,58.47020018109483,3,2,7,2,0,0
2024-02-07 04:00:00,46.94150855167617,58.28749385146447,36.40516114390709,4,2,7,2,0,0
2024-02-07 05:00:00,32.83101119165945,52.03182533498769,44.21179212194834,5,2,7,2,0,0
2024-02-07 06:00:00,25.606077917816467,47.23647295527728,88.0668393196687,6,2,7,2,0,0
2024-02-07 07:00:00,52.072363170888394,51.83092628990966,82.36359292032645,7,2,7,2,0,0
2024-02-07 08:00:00,45.535925737798976,47.884325827498245,94.58498352963893,8,2,7,2,0,0
2024-02-07 09:00:00,59.1275137416328,62.001046371163234,119.03118146780565,9,2,7,2,0,1
2024-02-07 10:00:00,42.49963314490766,61.31005627031128,124.36888830274057,10,2,7,2,0,1
2024-02-07 11:00:00,50.76757858122964,64.01671928484805,129.26755246099447,11,2,7,2,0,1
2024-02-07 12:00:00,61.35411743697462,57.06117165657077,117.88524163379853,12,2,7,2,0,1
2024-02-07 13:00:00,44.96568461464601,60.40031365321596,124.12645033965941,13,2,7,2,0,1
2024-02-07 14:00:00,58.73143985946821,54.84402117400979,132.4419492714987,14,2,7,2,0,1
2024-02-07 15:00:00,54.71486814162013,63.15015946760906,152.42545464603756,15,2,7,2,0,1
2024-02-07 16:00:00,49.123267385615605,62.45998219084534,117.9659224909822,16,2,7,2,0,1
2024-02-07 17:00:00,48.51798050388495,62.40828006942183,122.43049386566148,17,2,7,2,0,1
2024-02-07 18:00:00,36.873425448172824,52.47234424995466,130.8286822185974,18,2,7,2,0,0
2024-02-07 19:00:00,45.49343879878377,54.1660136796821,102.66683808107499,19,2,7,2,0,0
2024-02-07 20:00:00,46.411532442217805,58.96557861819579,106.52606792679313,20,2,7,2,0,0
2024-02-07 21:00:00,42.06377728733342,51.44939151916009,97.37990230254744,21,2,7,2,0,0
2024-02-07 22:00:00,26.422887904115143,53.18614214980797,76.0939442176102,22,2,7,2,0,0
2024-02-07 23:00:00,11.629196132043141,48.32909579633214,47.19900788941333,23,2,7,2,0,0
2024-02-08 00:00:00,38.49247843326134,49.24284363421536,74.4799000074169,0,3,8,2,0,0
2024-02-08 01:00:00,42.23147872868956,53.14967424283104,70.56504314781118,1,3,8,2,0,0
2024-02-08 02:00:00,39.95323408804158,57.21693613607259,43.535835265864094,2,3,8,2,0,0
2024-02-08 03:00:00,51.459963757693586,51.81910700050154,54.575578359411814,3,3,8,2,0,0
2024-02-08 04:00:00,33.53682847116128,51.94384017222883,28.974364268534515,4,3,8,2,0,0
2024-02-08 05:00:00,45.99901135318548,51.30348911525582,161.3409291839742,5,3,8,2,0,0
2024-02-08 06:00:00,,50.83577518742308,104.17967656853799,6,3,8,2,0,0
2024-02-08 07:00:00,38.60646394679797,54.198707600599,81.71145980821721,7,3,8,2,0,0
2024-02-08 08:00:00,45.98136252795837,47.07405938295078,75.04157568841836,8,3,8,2,0,0
2024-02-08 09:00:00,67.99742766775648,66.23136487846728,114.11444316981854,9,3,8,2,0,1
2024-02-08 10:00:00,52.66550984867565,58.49068254673541,129.04915221947783,10,3,8,2,0,1
2024-02-08 11:00:00,42.494473530426745,64.08499953864711,137.24185186090477,11,3,8,2,0,1
2024-02-08 12:00:00,62.064878217177274,56.16265387980204,152.79928008871448,12,3,8,2,0,1
2024-02-08 13:00:00,,63.96352039732008,97.96300226897792,13,3,8,2,0,1
2024-02-08 14:00:00,57.39002326692549,64.02169895763514,150.58406974911986,14,3,8,2,0,1
2024-02-08 15:00:00,48.98567159923853,62.91673861711045,132.13066718245818,15,3,8,2,0,1
2024-02-08 16:00:00,55.90616328430212,57.448475295819904,143.39782520810877,16,3,8,2,0,1
2024-02-08 17:00:00,43.493776173461065,62.47089054008954,139.6284118428796,17,3,8,2,0,1
2024-02-08 18:00:00,59.98638220974036,48.787230873473646,89.93890744317848,18,3,8,2,0,0
2024-02-08 19:00:00,53.64038452571719,52.55540993583031,89.38110521024909,19,3,8,2,0,0
2024-02-08 20:00:00,45.542844084219226,57.73137229174632,95.01490581830255,20,3,8,2,0,0
2024-02-08 21:00:00,51.822189400977756,56.84803418440063,85.6502796834504,21,3,8,2,0,0
2024-02-08 22:00:00,29.851601341460302,53.76971455328989,56.78193503223055,22,3,8,2,0,0
2024-02-08 23:00:00,43.23968654064929,49.85776256135733,5.9837234331072295,23,3,8,2,0,0
2024-02-09 00:00:00,32.32179734314767,56.38759562042394,67.99174813983936,0,4,9,2,0,0
2024-02-09 01:00:00,31.770812294064026,53.93127549755787,47.91709976234219,1,4,9,2,0,0
2024-02-09 02:00:00,27.359019365205178,44.62124383459837,74.91527279723135,2,4,9,2,0,0
2024-02-09 03:00:00,38.388792524747686,57.08203115036404,73.5340709991518,3,4,9,2,0,0
2024-02-09 04:00:00,35.19375565338206,53.903836088880226,52.501913543837226,4,4,9,2,0,0
2024-02-09 05:00:00,46.29776444332343,58.86007797584591,68.14548418934478,5,4,9,2,0,0
2024-02-09 06:00:00,36.500851774824966,49.7189464607516,96.14528015619824,6,4,9,2,0,0
2024-02-09 07:00:00,48.42645677766119,41.44321883431378,81.04509617368602,7,4,9,2,0,0
2024-02-09 08:00:00,54.499088412518006,55.3166250700805,99.27540849389497,8,4,9,2,0,0
2024-02-09 09:00:00,75.71650913614891,63.41704988526787,251.83400718885946,9,4,9,2,0,1
2024-02-09 10:00:00,56.55507441261869,55.53886418955415,245.4748066186276,10,4,9,2,0,1
2024-02-09 11:00:00,52.17466965751449,58.43855799866525,108.86621345964213,11,4,9,2,0,1
2024-02-09 12:00:00,56.34768781015691,73.42468257473776,136.67343842514828,12,4,9,2,0,1
2024-02-09 13:00:00,65.54078028486367,61.23287446515877,142.7607909169097,13,4,9,2,0,1
2024-02-09 14:00:00,65.53692053871892,65.43090801575109,120.14447144474013,14,4,9,2,0,1
2024-02-09 15:00:00,54.05545178407137,59.9564378119217,144.91837353612434,15,4,9,2,0,1
2024-02-09 16:00:00,65.37595637248887,54.25012030968323,118.57359443976031,16,4,9,2,0,1
2024-02-09 17:00:00,54.81705550160894,61.982803417795,125.50455915003529,17,4,9,2,0,1
2024-02-09 18:00:00,51.72496021203642,53.65417231728671,79.09838793249236,18,4,9,2,0,0
2024-02-09 19:00:00,49.37386854561103,53.17008134192622,76.83573964705643,19,4,9,2,0,0
2024-02-09 20:00:00,41.865934807649424,54.364284202365496,94.99078994377783,20,4,9,2,0,0
2024-02-09 21:00:00,37.62071852401198,55.93342330705672,70.00277987284187,21,4,9,2,0,0
2024-02-09 22:00:00,44.73726816660397,54.329634432267085,56.289960541553725,22,4,9,2,0,0
2024-02-09 23:00:00,47.17052841537961,49.92807882922578,64.99845802485032,23,4,9,2,0,0
2024-02-10 00:00:00,36.22984072269288,56.98309307788935,43.28902323026732,0,5,10,2,1,0
2024-02-10 01:00:00,32.80643514887267,47.295366341611626,71.6762897634558,1,5,10,2,1,0
2024-02-10 02:00:00,23.56768167072158,46.946171913171575,51.41937961101791,2,5,10,2,1,0
2024-02-10 03:00:00,42.50143510769251,58.15932090995979,75.57253801718554,3,5,10,2,1,0
2024-02-10 04:00:00,35.26630297236914,57.28592589304871,78.5581746705428,4,5,10,2,1,0
2024-02-10 05:00:00,30.928760210367383,55.08375777092698,32.52967729418359,5,5,10,2,1,0
2024-02-10 06:00:00,45.97037837965795,49.78728805492037,71.58972279720082,6,5,10,2,1,0
2024-02-10 07:00:00,28.232162558026012,52.59342942639278,68.49739690672686,7,5,10,2,1,0
2024-02-10 08:00:00,60.997349403155404,54.43032543614486,59.93764260781046,8,5,10,2,1,0
2024-02-10 09:00:00,39.57804023580119,57.15422375706894,82.0269230931716,9,5,10,2,1,1
2024-02-10 10:00:00,49.11126279727132,60.63842000823993,122.65497466502339,10,5,10,2,1,1
2024-02-10 11:00:00,46.436654255516785,66.26083863812515,89.79806527152867,11,5,10,2,1,1
2024-02-10 12:00:00,50.07777174849416,69.41796884921317,92.64116470879907,12,5,10,2,1,1
2024-02-10 13:00:00,53.877598735649784,62.08848576886001,79.89169771746353,13,5,10,2,1,1
2024-02-10 14:00:00,50.38058960962185,66.84990267806225,87.78566260797179,14,5,10,2,1,1
2024-02-10 15:00:00,60.19905547916173,56.22568036050572,69.85164851365887,15,5,10,2,1,1
2024-02-10 16:00:00,53.85664535429578,66.57794369083774,92.94729043401446,16,5,10,2,1,1
2024-02-10 17:00:00,44.03695068837121,60.78280964701939,102.87881331519878,17,5,10,2,1,1
2024-02-10 18:00:00,34.71737451236862,57.28669663671147,78.15040857759175,18,5,10,2,1,0
2024-02-10 19:00:00,38.27573374156671,55.12526142750414,55.12708374299922,19,5,10,2,1,0
2024-02-10 20:00:00,44.67561453711232,61.45712991289201,51.659121724749085,20,5,10,2,1,0
2024-02-10 21:00:00,35.516109035441254,52.73717966633217,100.76455183010818,21,5,10,2,1,0
2024-02-10 22:00:00,68.91048384710002,58.805041212306634,73.71339863555369,22,5,10,2,1,0
2024-02-10 23:00:00,37.92293987210443,55.2365250653294,64.69899376194813,23,5,10,2,1,0
2024-02-11 00:00:00,25.516490383643237,55.78151678854996,76.01775667495964,0,6,11,2,1,0
2024-02-11 01:00:00,41.687856929400255,55.739751541047696,53.546054136045214,1,6,11,2,1,0
2024-02-11 02:00:00,35.938298507210725,53.15314747911705,64.40735180788653,2,6,11,2,1,0
2024-02-11 03:00:00,47.70546941436098,56.540360920369814,71.49792504331505,3,6,11,2,1,0
2024-02-11 04:00:00,32.844643152898136,56.407324612984624,49.64337776983276,4,6,11,2,1,0
2024-02-11 05:00:00,30.574561737325798,57.68428276412931,60.66217756630886,5,6,11,2,1,0
2024-02-11 06:00:00,30.570540646829166,57.11898988875324,81.60086836190084,6,6,11,2,1,0
2024-02-11 07:00:00,60.45757662736646,60.03483801517129,50.71695064399897,7,6,11,2,1,0
2024-02-11 08:00:00,46.602460735788604,60.59902746965138,60.208308358707875,8,6,11,2,1,0
2024-02-11 09:00:00,58.6849069806554,60.76487528156018,97.22831337721458,9,6,11,2,1,1
2024-02-11 10:00:00,44.16440625170023,68.50507619992543,84.90109550784575,10,6,11,2,1,1
2024-02-11 11:00:00,73.64942621447992,60.34749986765529,82.89537820869604,11,6,11,2,1,1
2024-02-11 12:00:00,45.56041730490545,67.50736993553564,81.1324508143361,12,6,11,2,1,1
2024-02-11 13:00:00,54.295026420865526,67.6982434295243,98.91682040667469,13,6,11,2,1,1
2024-02-11 14:00:00,37.581174926475406,57.63760339908205,68.12373069282047,14,6,11,2,1,1
2024-02-11 15:00:00,46.906951861878284,65.71861105459392,75.24697162501235,15,6,11,2,1,1
2024-02-11 16:00:00,52.801581038259435,38.536772799927355,61.89267037950345,16,6,11,2,1,1
2024-02-11 17:00:00,49.008753359518764,37.43999913708867,77.20260583166866,17,6,11,2,1,1
2024-02-11 18:00:00,17.374141656006103,37.943011780084845,68.16465029152619,18,6,11,2,1,0
2024-02-11 19:00:00,44.42300255624726,29.98966719263842,38.49441348555848,19,6,11,2,1,0
2024-02-11 20:00:00,43.089620796199846,29.44389597652412,54.06044439224252,20,6,11,2,1,0
2024-02-11 21:00:00,49.98926836130366,33.037441655236215,68.87834317532472,21,6,11,2,1,0
2024-02-11 22:00:00,45.89822606390916,35.54251696558605,60.419439398289526,22,6,11,2,1,0
2024-02-11 23:00:00,43.51931562867238,32.29929721708414,79.84612076469375,23,6,11,2,1,0
2024-02-12 00:00:00,35.60346911121274,37.597344426750915,68.65608275752709,0,0,12,2,0,0
2024-02-12 01:00:00,22.184273504822652,35.1219722778303,57.32965064904242,1,0,12,2,0,0
2024-02-12 02:00:00,52.367541739982514,24.35166803471521,61.76382944830803,2,0,12,2,0,0
2024-02-12 03:00:00,33.59291350054131,31.01332502995562,62.27111094108028,3,0,12,2,0,0
2024-02-12 04:00:00,35.34881957097963,30.950739526606924,53.26956476070774,4,0,12,2,0,0
2024-02-12 05:00:00,48.560408323446026,35.182701824573684,63.51388896685148,5,0,12,2,0,0
2024-02-12 06:00:00,39.060235314415614,22.833374490262763,82.5871496539963,6,0,12,2,0,0
2024-02-12 07:00:00,64.43981991023435,43.59630043897754,94.25766850954105,7,0,12,2,0,0
2024-02-12 08:00:00,41.56558220386192,35.592218615003866,89.11750718802716,8,0,12,2,0,0
2024-02-12 09:00:00,49.46063216100915,42.13170737907624,126.68602412590582,9,0,12,2,0,1
2024-02-12 10:00:00,43.74946029062533,46.33078980157133,127.09585733446738,10,0,12,2,0,1
2024-02-12 11:00:00,54.335155418970444,51.047686306176985,241.16879597709695,11,0,12,2,0,1
2024-02-12 12:00:00,85.65951802347602,45.22483975507628,139.62920694165553,12,0,12,2,0,1
2024-02-12 13:00:00,73.33958800428056,45.60612009759373,125.94598593454167,13,0,12,2,0,1
2024-02-12 14:00:00,52.52632738360109,42.40287332237536,140.55238222337536,14,0,12,2,0,1
2024-02-12 15:00:00,48.98274875527534,41.383486220549806,128.8326784579529,15,0,12,2,0,1
2024-02-12 16:00:00,39.99862024283404,40.116113477287726,129.05659199650214,16,0,12,2,0,1
2024-02-12 17:00:00,55.920208633179335,38.78478282287939,123.28183532602063,17,0,12,2,0,1
2024-02-12 18:00:00,46.705573025901515,31.41133894612294,113.89446144041072,18,0,12,2,0,0
2024-02-12 19:00:00,38.984245346089445,28.82756455737267,111.97815755222072,19,0,12,2,0,0
2024-02-12 20:00:00,,,80.24015067995708,20,0,12,2,0,0
2024-02-12 21:00:00,45.170493189375534,27.632587744404464,85.10028655217083,21,0,12,2,0,0
2024-02-12 22:00:00,29.332745864716298,35.205999681887796,65.40339055616143,22,0,12,2,0,0
2024-02-12 23:00:00,22.890284859097385,34.36831312633514,68.11981941012418,23,0,12,2,0,0
2024-02-13 00:00:00,37.137013208091865,35.1729046338832,44.99055941275139,0,1,13,2,0,0
2024-02-13 01:00:00,39.06980018583947,32.56839041253289,47.17356788386193,1,1,13,2,0,0
2024-02-13 02:00:00,31.135511586532484,47.03633625222559,17.249548360242265,2,1,13,2,0,0
2024-02-13 03:00:00,36.17434409588439,40.241560728279005,68.16873601190443,3,1,13,2,0,0
2024-02-13 04:00:00,47.897765026043395,29.895353205378765,38.75596710989089,4,1,13,2,0,0
2024-02-13 05:00:00,42.174714526924255,35.877644795040084,50.35835425650078,5,1,13,2,0,0
2024-02-13 06:00:00,27.78547678936556,32.58701970842316,102.90273957592734,6,1,13,2,0,0
2024-02-13 07:00:00,39.24677344606064,31.03421923161321,102.15390066563,7,1,13,2,0,0
2024-02-13 08:00:00,43.949944263261564,29.805165158302728,112.90218995365898,8,1,13,2,0,0
2024-02-13 09:00:00,55.61481506367014,44.96785637339488,158.53837307844339,9,1,13,2,0,1
2024-02-13 10:00:00,56.34923737573382,40.58722511243981,172.36330639592805,10,1,13,2,0,1
2024-02-13 11:00:00,58.53552519655527,47.25802627207016,124.68690417236817,11,1,13,2,0,1
2024-02-13 12:00:00,54.2112949417259,47.43604623883154,121.26907998860482,12,1,13,2,0,1
2024-02-13 13:00:00,55.150796983558784,49.03098860290632,135.9856621096979,13,1,13,2,0,1
2024-02-13 14:00:00,62.62509307130596,40.20041554538442,110.19884218394047,14,1,13,2,0,1
2024-02-13 15:00:00,57.29699332161459,45.58627385055134,126.41871096904849,15,1,13,2,0,1
2024-02-13 16:00:00,75.85019034143471,46.28969370171846,132.12393680109824,16,1,13,2,0,1
2024-02-13 17:00:00,55.868477646212185,41.93844556472847,137.12887907075967,17,1,13,2,0,1
2024-02-13 18:00:00,43.97169990848855,32.823567236162575,98.76786077756152,18,1,13,2,0,0
2024-02-13 19:00:00,59.945207636018885,42.424449262603716,85.97791291137355,19,1,13,2,0,0
2024-02-13 20:00:00,46.2788511359792,36.97227572658278,72.08720022882234,20,1,13,2,0,0
2024-02-13 21:00:00,36.77859887259233,38.68230229290599,74.81033337835366,21,1,13,2,0,0
2024-02-13 22:00:00,42.755657604213894,32.92647909792625,30.968550604292908,22,1,13,2,0,0
2024-02-13 23:00:00,38.41755489497348,31.41420926430753,51.76261587354335,23,1,13,2,0,0
2024-02-14 00:00:00,25.450905345948158,34.09032348346739,39.89812656517822,0,2,14,2,0,0
2024-02-14 01:00:00,42.353233388880014,35.94902327941168,52.714818831374295,1,2,14,2,0,0
2024-02-14 02:00:00,,,65.8322836539557,2,2,14,2,0,0
2024-02-14 03:00:00,32.999627883208376,36.56033177505855,42.39190010540957,3,2,14,2,0,0
2024-02-14 04:00:00,33.92553006823562,29.923304825486987,61.28392055916788,4,2,14,2,0,0
2024-02-14 05:00:00,41.48646618527826,32.274958522409484,55.82440548588159,5,2,14,2,0,0
2024-02-14 06:00:00,55.434721943025224,39.51682321078714,95.02581527868257,6,2,14,2,0,0
2024-02-14 07:00:00,31.700064095714605,39.32657697429587,98.47183658861472,7,2,14,2,0,0
2024-02-14 08:00:00,36.27226855827841,35.42235047134007,184.9318333678929,8,2,14,2,0,0
2024-02-14 09:00:00,51.71348569636332,40.997448189417014,130.03347433243604,9,2,14,2,0,1
2024-02-14 10:00:00,52.53572572651407,41.03774364939632,125.88034375950554,10,2,14,2,0,1
2024-02-14 11:00:00,91.23728425815472,43.73334111713964,223.14172191021206,11,2,14,2,0,1
2024-02-14 12:00:00,65.48246996895686,47.88374740211497,119.66332303417315,12,2,14,2,0,1
2024-02-14 13:00:00,66.16547048631965,49.09811789328254,137.0153515578833,13,2,14,2,0,1
2024-02-14 14:00:00,41.5324944622324,43.478671499550565,249.65908869220195,14,2,14,2,0,1
2024-02-14 15:00:00,48.55303946803049,40.930692930732974,147.56652957504338,15,2,14,2,0,1
2024-02-14 16:00:00,45.125209024960625,46.69610151234829,111.15151996081846,16,2,14,2,0,1
2024-02-14 17:00:00,50.260285926776845,42.410850786001,149.3380457711031,17,2,14,2,0,1
2024-02-14 18:00:00,38.52317184062683,35.712442445500535,76.40677001929183,18,2,14,2,0,0
2024-02-14 19:00:00,78.39248835571271,43.16721755839719,92.12969870811008,19,2,14,2,0,0
2024-02-14 20:00:00,49.370273984029595,41.255432203375264,94.7058477434536,20,2,14,2,0,0
2024-02-14 21:00:00,75.0513781584875,38.65992135590993,67.73092812120521,21,2,14,2,0,0
2024-02-14 22:00:00,34.293096326357315,33.02159726923507,57.38028081477558,22,2,14,2,0,0
2024-02-14 23:00:00,62.03991176094298,39.036303478112856,80.4025219624202,23,2,14,2,0,0
2024-02-15 00:00:00,32.929631498663184,42.52298428759023,26.721450510733504,0,3,15,2,0,0
2024-02-15 01:00:00,47.789177364037734,36.8516515683073,96.28166668970195,1,3,15,2,0,0
2024-02-15 02:00:00,40.57563523608589,43.84066609318902,30.41866460034273,2,3,15,2,0,0
2024-02-15 03:00:00,32.32944408195192,43.68940598754521,64.32042552458233,3,3,15,2,0,0
2024-02-15 04:00:00,34.14158284796617,45.25576204325829,38.34111679389365,4,3,15,2,0,0
2024-02-15 05:00:00,,39.904399084858156,66.67280306336232,5,3,15,2,0,0
2024-02-15 06:00:00,35.448599948807555,41.115778405946585,106.81450535421567,6,3,15,2,0,0
2024-02-15 07:00:00,46.143544758109655,44.50593413235414,102.0836205420926,7,3,15,2,0,0
2024-02-15 08:00:00,50.104408811526056,40.72192161959778,68.7671389962944,8,3,15,2,0,0
2024-02-15 09:00:00,59.006755799555656,45.010757023417405,144.66808408316706,9,3,15,2,0,1
2024-02-15 10:00:00,48.69772998473409,45.30505554899961,125.94442901296313,10,3,15,2,0,1
2024-02-15 11:00:00,50.033219213991075,48.13716516968098,109.15329785210997,11,3,15,2,0,1
2024-02-15 12:00:00,39.165601516993696,42.10460230225856,150.2805904896149,12,3,15,2,0,1
2024-02-15 13:00:00,60.98328204894027,46.77789829246238,161.49111280753763,13,3,15,2,0,1
2024-02-15 14:00:00,71.59266135799979,51.82139086698688,131.36972092917026,14,3,15,2,0,1
2024-02-15 15:00:00,47.64492326730861,38.75463704911323,124.29316143750474,15,3,15,2,0,1
2024-02-15 16:00:00,63.807677079988565,53.74221167897298,118.29784177918343,16,3,15,2,0,1
2024-02-15 17:00:00,70.66677963376475,52.17859085717156,141.02903964962482,17,3,15,2,0,1
2024-02-15 18:00:00,41.27751634575957,37.93502525187848,105.4537454095435,18,3,15,2,0,0
2024-02-15 19:00:00,44.15241316556691,42.03281490706507,84.2994473056597,19,3,15,2,0,0
2024-02-15 20:00:00,47.029917291956586,39.95718765192139,113.96095939832435,20,3,15,2,0,0
2024-02-15 21:00:00,48.74154537412347,44.95007975148299,99.6703470492635,21,3,15,2,0,0
2024-02-15 22:00:00,37.46440431603282,44.04654787891763,61.19872895610056,22,3,15,2,0,0
2024-02-15 23:00:00,31.86681146062567,34.60140404946898,64.81395092888486,23,3,15,2,0,0
2024-02-16 00:00:00,39.972575118848404,42.636781937885445,45.182011347903426,0,4,16,2,0,0
2024-02-16 01:00:00,32.04311731165093,39.55143901761634,70.84556909369796,1,4,16,2,0,0
2024-02-16 02:00:00,38.016803151217495,40.7916707633034,46.06610276308904,2,4,16,2,0,0
2024-02-16 03:00:00,34.765897490520175,37.63421391752513,52.43806989522504,3,4,16,2,0,0
2024-02-16 04:00:00,20.81574025434495,47.62618091516877,58.90713466738417,4,4,16,2,0,0
2024-02-16 05:00:00,45.09537200571194,44.880780194408395,88.33918193255994,5,4,16,2,0,0
2024-02-16 06:00:00,40.23470964765206,37.84851677134551,93.57256959209442,6,4,16,2,0,0
2024-02-16 07:00:00,55.99550474536654,35.5563948216515,77.38842165152062,7,4,16,2,0,0
2024-02-16 08:00:00,53.44845447252841,39.43954892615823,94.87137359300313,8,4,16,2,0,0
2024-02-16 09:00:00,56.785911313033274,50.807817678881115,138.70851530553423,9,4,16,2,0,1
2024-02-16 10:00:00,59.16897942703471,50.11836261922698,148.13845970835908,10,4,16,2,0,1
2024-02-16 11:00:00,60.161724687600454,54.25796625261941,129.6357025649496,11,4,16,2,0,1
2024-02-16 12:00:00,53.42129263754139,52.49317216616157,119.38840682781718,12,4,16,2,0,1
2024-02-16 13:00:00,53.789813730771904,53.2999893666728,263.14783498622694,13,4,16,2,0,1
2024-02-16 14:00:00,59.7484537782469,50.81751555915951,134.90491769905145,14,4,16,2,0,1
2024-02-16 15:00:00,31.476890922685758,44.04143947624868,117.47313244041648,15,4,16,2,0,1
2024-02-16 16:00:00,54.85032994843282,48.90453949668918,129.5046210442066,16,4,16,2,0,1
2024-02-16 17:00:00,51.89185237528891,54.01654962142628,122.44524609436606,17,4,16,2,0,1
2024-02-16 18:00:00,38.81697865741113,41.65911283311456,109.16784982545771,18,4,16,2,0,0
2024-02-16 19:00:00,48.25641829699628,43.96673577669125,98.55730996295361,19,4,16,2,0,0
2024-02-16 20:00:00,39.986262203280276,40.76870568651461,85.30745290422716,20,4,16,2,0,0
2024-02-16 21:00:00,51.89914777906207,38.0139301058403,105.46379007550361,21,4,16,2,0,0
2024-02-16 22:00:00,42.625000363008695,41.7294327165757,58.29656152814323,22,4,16,2,0,0
2024-02-16 23:00:00,69.10468336077835,43.54878214710238,59.16221726020784,23,4,16,2,0,0
2024-02-17 00:00:00,38.800766294783976,39.77977583421379,43.00610942837197,0,5,17,2,1,0
2024-02-17 01:00:00,37.12942629691967,41.549766006240525,42.896516211769374,1,5,17,2,1,0
2024-02-17 02:00:00,39.403276201821456,38.824991225745975,85.81490348767664,2,5,17,2,1,0
2024-02-17 03:00:00,39.03433063850859,47.15020500055597,68.66771346981497,3,5,17,2,1,0
2024-02-17 04:00:00,35.81158566033266,41.58593035561779,26.820159936569187,4,5,17,2,1,0
2024-02-17 05:00:00,41.56120190653142,48.665449528006384,39.73963959877118,5,5,17,2,1,0
2024-02-17 06:00:00,37.69546428844989,49.060237600211465,48.87087271258032,6,5,17,2,1,0
2024-02-17 07:00:00,33.04077884154841,42.71202505825236,66.89857885194658,7,5,17,2,1,0
2024-02-17 08:00:00,32.66064063200031,39.09351955052091,59.77625582819509,8,5,17,2,1,0
2024-02-17 09:00:00,42.53630776288768,42.87497035019047,104.52929447782893,9,5,17,2,1,1
2024-02-17 10:00:00,29.851082664369713,45.42180173509034,77.10079329008181,10,5,17,2,1,1
2024-02-17 11:00:00,46.706349658983505,45.90613864463472,111.7807059289044,11,5,17,2,1,1
2024-02-17 12:00:00,50.27396534745924,57.00702308386964,80.74325350166403,12,5,17,2,1,1
2024-02-17 13:00:00,52.500561101012465,52.048247223824504,115.81057163381678,13,5,17,2,1,1
2024-02-17 14:00:00,32.13952108504821,53.23530789817126,78.96491639694868,14,5,17,2,1,1
2024-02-17 15:00:00,38.89820177147028,42.88728227042188,79.25132135186077,15,5,17,2,1,1
2024-02-17 16:00:00,51.63579873545399,47.06931161921451,96.2976438149403,16,5,17,2,1,1
2024-02-17 17:00:00,43.44939088981757,55.50184094207841,93.83612802099864,17,5,17,2,1,1
2024-02-17 18:00:00,44.083344241673814,45.19309519771156,46.60316624392544,18,5,17,2,1,0
2024-02-17 19:00:00,29.08593284117222,43.54978589508441,67.258087526414,19,5,17,2,1,0
2024-02-17 20:00:00,49.88526876670921,46.4907149904262,59.644639246339864,20,5,17,2,1,0
2024-02-17 21:00:00,28.529436807047105,50.86740454285979,58.66265737223676,21,5,17,2,1,0
2024-02-17 22:00:00,8.843902753433397,43.533039370859214,55.18571703225419,22,5,17,2,1,0
2024-02-17 23:00:00,34.47079635802956,44.787811411835236,49.67765954233324,23,5,17,2,1,0
2024-02-18 00:00:00,34.677275322197005,45.373968843756195,56.74519392467223,0,6,18,2,1,0
2024-02-18 01:00:00,29.066910514943622,54.265393587765516,39.12709438343052,1,6,18,2,1,0
2024-02-18 02:00:00,36.81086215484975,36.393027692697885,31.454297109637793,2,6,18,2,1,0
2024-02-18 03:00:00,37.04376127333302,47.616965251659195,68.93540631555543,3,6,18,2,1,0
2024-02-18 04:00:00,36.139327737430136,44.51860628751443,71.46617610802906,4,6,18,2,1,0
2024-02-18 05:00:00,28.92829099434001,47.33876483170091,67.88515136570804,5,6,18,2,1,0
2024-02-18 06:00:00,33.442294951287536,42.53616981320175,66.51500082853254,6,6,18,2,1,0
2024-02-18 07:00:00,35.72574049509517,45.063900366216004,60.56251495676897,7,6,18,2,1,0
2024-02-18 08:00:00,62.420640540942394,48.199620523724406,56.72452469933805,8,6,18,2,1,0
2024-02-18 09:00:00,53.96824533859577,65.89995287655329,70.07659529497464,9,6,18,2,1,1
2024-02-18 10:00:00,,56.774905738460234,80.75953382472402,10,6,18,2,1,1
2024-02-18 11:00:00,76.24152547087184,50.245061427942055,99.04287061963814,11,6,18,2,1,1
2024-02-18 12:00:00,51.60078611734108,52.036960747854884,71.53953658125744,12,6,18,2,1,1
2024-02-18 13:00:00,38.0629582743128,52.013130398072285,99.07225496451427,13,6,18,2,1,1
2024-02-18 14:00:00,34.23303261221428,46.73911207684847,60.1186241120396,14,6,18,2,1,1
2024-02-18 15:00:00,38.44593712222802,52.69633139397639,85.52702949049282,15,6,18,2,1,1
2024-02-18 16:00:00,47.1004906320154,57.04312421395302,88.6053099081687,16,6,18,2,1,1
2024-02-18 17:00:00,46.548719290940355,49.11010234082225,174.18547173153357,17,6,18,2,1,1
2024-02-18 18:00:00,42.12371879943112,50.49629042580377,50.24343556866049,18,6,18,2,1,0
2024-02-18 19:00:00,38.17422597654003,48.34889305119657,78.691777039439,19,6,18,2,1,0
2024-02-18 20:00:00,19.489462733788567,43.556398229172444,66.62843881731415,20,6,18,2,1,0
2024-02-18 21:00:00,37.92576670250957,46.02285338440076,105.55003712918383,21,6,18,2,1,0
2024-02-18 22:00:00,40.72317987672937,53.07800110650199,71.30254274672316,22,6,18,2,1,0
2024-02-18 23:00:00,42.88904577444974,49.71474745409099,71.4386050228176,23,6,18,2,1,0
2024-02-19 00:00:00,35.7092607276915,46.91163237967805,24.05876567504376,0,0,19,2,0,0
2024-02-19 01:00:00,36.57852565924477,46.021804139611106,49.81529480305302,1,0,19,2,0,0
2024-02-19 02:00:00,69.92616919816913,47.37511027299413,42.6387631467685,2,0,19,2,0,0
2024-02-19 03:00:00,44.63107549735053,45.11785212610139,30.287452936160488,3,0,19,2,0,0
2024-02-19 04:00:00,35.00422367085278,38.84223532882158,59.42514246453941,4,0,19,2,0,0
2024-02-19 05:00:00,39.80965399143292,55.52636545663508,72.28148956273225,5,0,19,2,0,0
2024-02-19 06:00:00,40.59570520406733,48.07546658255459,75.54905488202147,6,0,19,2,0,0
2024-02-19 07:00:00,35.23430059268673,49.14335956315344,61.01902262220061,7,0,19,2,0,0
2024-02-19 08:00:00,41.374012727815895,47.41583340061194,76.66710452946488,8,0,19,2,0,0
2024-02-19 09:00:00,66.61974027576596,52.80377990788247,127.60377253012621,9,0,19,2,0,1
2024-02-19 10:00:00,59.97765715234721,55.09741954128663,126.51589745800791,10,0,19,2,0,1
2024-02-19 11:00:00,45.88933505775385,49.54049524248858,130.15818567611538,11,0,19,2,0,1
2024-02-19 12:00:00,60.3638449379297,65.14346240762818,136.28056867438553,12,0,19,2,0,1
2024-02-19 13:00:00,46.425142135678755,51.19419466778886,129.7904015728589,13,0,19,2,0,1
2024-02-19 14:00:00,58.01127620878013,52.101586715913875,143.1852123183551,14,0,19,2,0,1
2024-02-19 15:00:00,47.78358756513992,54.56570598711451,115.80263806017358,15,0,19,2,0,1
2024-02-19 16:00:00,45.484704857061374,61.57641723868917,125.90489877966124,16,0,19,2,0,1
2024-02-19 17:00:00,68.14138362604771,56.57960126792591,138.77531998431698,17,0,19,2,0,1
2024-02-19 18:00:00,42.37105219400812,43.67455122905437,94.21788026865413,18,0,19,2,0,0
2024-02-19 19:00:00,49.825499448658746,53.73405402098571,117.48841860534019,19,0,19,2,0,0
2024-02-19 20:00:00,45.327353403165766,51.738385082205994,76.37246232731714,20,0,19,2,0,0
2024-02-19 21:00:00,36.98250035374822,51.0658790413177,99.06161183158567,21,0,19,2,0,0
2024-02-19 22:00:00,33.17120067727985,51.87290626088975,50.54927352977488,22,0,19,2,0,0
2024-02-19 23:00:00,27.0452050031319,58.685319232907766,48.987572008184785,23,0,19,2,0,0
2024-02-20 00:00:00,84.30092337290333,57.94622459815519,76.26750795436388,0,1,20,2,0,0
2024-02-20 01:00:00,41.27683430318419,46.55702688715937,59.62216974705781,1,1,20,2,0,0
2024-02-20 02:00:00,35.17972714249637,55.89754012422945,63.95633377233864,2,1,20,2,0,0
2024-02-20 03:00:00,39.37695292140168,51.03285225568838,51.61800641906489,3,1,20,2,0,0
2024-02-20 04:00:00,40.72305052352995,51.59480835024631,52.43365975054246,4,1,20,2,0,0
2024-02-20 05:00:00,40.74548580566348,42.927652387401885,37.20160800571523,5,1,20,2,0,0
2024-02-20 06:00:00,50.38288988773456,49.11356711217647,92.73147368723794,6,1,20,2,0,0
2024-02-20 07:00:00,49.734513069931026,46.64225289425224,74.46057107090041,7,1,20,2,0,0
2024-02-20 08:00:00,45.814850362095896,53.30428100823164,87.87436917447263,8,1,20,2,0,0
2024-02-20 09:00:00,67.3921612119615,62.37492644206041,143.1673904685869,9,1,20,2,0,1
2024-02-20 10:00:00,56.31808672989214,49.89127671294083,103.47803450939922,10,1,20,2,0,1
2024-02-20 11:00:00,85.40710161484814,58.19975810687261,174.8921585509096,11,1,20,2,0,1
2024-02-20 12:00:00,56.386733314963266,62.87407558039341,118.70194327613544,12,1,20,2,0,1
2024-02-20 13:00:00,56.951625583268005,57.73870104443504,128.29611757447054,13,1,20,2,0,1
2024-02-20 14:00:00,42.192768172187876,61.50051292063561,133.93754336277752,14,1,20,2,0,1
2024-02-20 15:00:00,48.37202380175803,60.0878145515031,118.23754212460251,15,1,20,2,0,1
2024-02-20 16:00:00,54.17396191880762,60.148739620249216,122.93867351312826,16,1,20,2,0,1
2024-02-20 17:00:00,41.85448951076666,57.79583523903706,146.81782213854856,17,1,20,2,0,1
2024-02-20 18:00:00,45.167091906367695,46.11381761615761,101.35548097580966,18,1,20,2,0,0
2024-02-20 19:00:00,46.84560724574947,46.59311392076974,86.21062696796045,19,1,20,2,0,0
2024-02-20 20:00:00,34.91868187861936,54.015785015100306,89.9725686173385,20,1,20,2,0,0
2024-02-20 21:00:00,40.06910873568418,51.355393966694976,92.0997314448203,21,1,20,2,0,0
2024-02-20 22:00:00,45.25315036003015,50.822742264415,68.36112835276778,22,1,20,2,0,0
2024-02-20 23:00:00,39.461528485801,49.78050445190812,69.48324471047775,23,1,20,2,0,0
2024-02-21 00:00:00,38.985773987974284,50.354624465925454,69.06077467382434,0,2,21,2,0,0
2024-02-21 01:00:00,44.12119230817013,55.862382867871126,53.849558826916336,1,2,21,2,0,0
2024-02-21 02:00:00,28.513139910317292,50.43315458604228,61.615491736599274,2,2,21,2,0,0
2024-02-21 03:00:00,24.93937712868307,46.50930543055163,74.97326483957595,3,2,21,2,0,0
2024-02-21 04:00:00,42.898676132712815,54.94764166697811,93.09703469827008,4,2,21,2,0,0
2024-02-21 05:00:00,34.39239181085982,51.253033864479626,61.194743739208874,5,2,21,2,0,0
2024-02-21 06:00:00,38.31885678695981,52.29766437360594,81.89435491519419,6,2,21,2,0,0
2024-02-21 07:00:00,61.71630977355819,58.70196772651725,77.9777411725349,7,2,21,2,0,0
2024-02-21 08:00:00,32.13871178305553,52.289017819532475,99.18404715158088,8,2,21,2,0,0
2024-02-21 09:00:00,56.4779246311658,61.627631007859456,106.60846331310663,9,2,21,2,0,1
2024-02-21 10:00:00,53.47968771998804,55.854868094172026,139.34416045619963,10,2,21,2,0,1
2024-02-21 11:00:00,52.140436617516585,59.79157822983194,139.62312467404018,11,2,21,2,0,1
2024-02-21 12:00:00,67.30510470936395,63.20808119348344,122.40047749318121,12,2,21,2,0,1
2024-02-21 13:00:00,67.2674696103706,54.64822880121833,133.59809128427088,13,2,21,2,0,1
2024-02-21 14:00:00,73.60834278039884,61.77287533983595,126.6890686456245,14,2,21,2,0,1
2024-02-21 15:00:00,52.866781366124684,61.4724537513195,110.00982338462194,15,2,21,2,0,1
2024-02-21 16:00:00,51.5660446376107,61.33425579417479,138.16936861749008,16,2,21,2,0,1
2024-02-21 17:00:00,59.70842615816576,65.4175788498502,136.74150273920893,17,2,21,2,0,1
2024-02-21 18:00:00,32.21500518493002,54.706554124381455,83.51043725499707,18,2,21,2,0,0
2024-02-21 19:00:00,48.697381328655545,59.38096274814357,122.78595925083862,19,2,21,2,0,0
2024-02-21 20:00:00,46.51764934088317,49.594209215157726,90.09572311444973,20,2,21,2,0,0
2024-02-21 21:00:00,39.704142577627124,54.21217345500851,62.27612204882377,21,2,21,2,0,0
2024-02-21 22:00:00,38.40709764954428,54.10626477838623,75.84151877504983,22,2,21,2,0,0
2024-02-21 23:00:00,35.15318221932602,49.59131539452892,71.82437484954005,23,2,21,2,0,0
2024-02-22 00:00:00,49.43478487829395,57.7934611562781,73.71115746336051,0,3,22,2,0,0
2024-02-22 01:00:00,33.47276966618161,63.366932942636275,45.19430731595527,1,3,22,2,0,0
2024-02-22 02:00:00,27.34850898545593,54.10018353658911,63.19236598004953,2,3,22,2,0,0
2024-02-22 03:00:00,38.77925022304302,56.28826859770578,59.84471565138395,3,3,22,2,0,0
2024-02-22 04:00:00,62.495535755814764,54.70624160333752,57.39189269528121,4,3,22,2,0,0
2024-02-22 05:00:00,34.99433124338683,51.61381827170841,80.0788820744341,5,3,22,2,0,0
2024-02-22 06:00:00,34.99673812824226,47.28510963745672,90.29993229309629,6,3,22,2,0,0
2024-02-22 07:00:00,49.836122610842935,51.8450539098354,84.00259898570211,7,3,22,2,0,0
2024-02-22 08:00:00,41.239662817923985,49.20031345826169,83.85989137172064,8,3,22,2,0,0
2024-02-22 09:00:00,87.1270258372164,69.68455523048064,114.1583264621937,9,3,22,2,0,1
2024-02-22 10:00:00,71.79777431333213,62.50770762505474,131.72412657638696,10,3,22,2,0,1
2024-02-22 11:00:00,53.02379439403202,61.68446686340609,151.40992977392153,11,3,22,2,0,1
2024-02-22 12:00:00,60.9535357719995,66.72475430399473,125.15248501446273,12,3,22,2,0,1
2024-02-22 13:00:00,83.55020661425517,58.78112521520231,134.0321853461823,13,3,22,2,0,1
2024-02-22 14:00:00,49.805015693428594,60.300658643160716,127.1621472808738,14,3,22,2,0,1
2024-02-22 15:00:00,65.5704322581841,63.74038233787056,128.7049321262991,15,3,22,2,0,1
2024-02-22 16:00:00,40.06768038911507,67.6831397399522,142.54726206947413,16,3,22,2,0,1
2024-02-22 17:00:00,63.06010951869538,65.67476526674042,113.98416134442182,17,3,22,2,0,1
2024-02-22 18:00:00,29.239169458305316,56.76127651733043,67.85014164722921,18,3,22,2,0,0
2024-02-22 19:00:00,52.14077870639447,56.18038605003829,205.8670151131288,19,3,22,2,0,0
2024-02-22 20:00:00,45.114184542691476,57.56878474517788,82.01784164740347,20,3,22,2,0,0
2024-02-22 21:00:00,67.36848464482685,56.874364961560865,84.17147669263196,21,3,22,2,0,0
2024-02-22 22:00:00,31.743709496585755,52.04776081610781,96.89807977544069,22,3,22,2,0,0
2024-02-22 23:00:00,40.49054765565361,56.45184668470678,71.72245859190949,23,3,22,2,0,0
2024-02-23 00:00:00,50.81152467612388,52.07263710725418,47.03572107089197,0,4,23,2,0,0
2024-02-23 01:00:00,22.486067106311587,56.791564674525894,77.03430878237214,1,4,23,2,0,0
2024-02-23 02:00:00,27.809727613414974,54.64446506614705,72.10014603246545,2,4,23,2,0,0
2024-02-23 03:00:00,24.35749099408808,66.82438397603322,15.852876517924003,3,4,23,2,0,0
2024-02-23 04:00:00,33.48703687378373,56.607057681307325,62.27485908217526,4,4,23,2,0,0
2024-02-23 05:00:00,42.37320089539568,51.24943051685015,44.64366078438224,5,4,23,2,0,0
2024-02-23 06:00:00,33.39059447958753,56.42939609510452,88.67440068710405,6,4,23,2,0,0
2024-02-23 07:00:00,44.903288417231565,59.143253423411586,123.16034589023647,7,4,23,2,0,0
2024-02-23 08:00:00,52.0950991207784,63.85894783311503,103.2359563468497,8,4,23,2,0,0
2024-02-23 09:00:00,51.633905650551576,62.90732691915446,145.41219015029037,9,4,23,2,0,1
2024-02-23 10:00:00,34.166289146982926,59.03503871486947,127.19159017739679,10,4,23,2,0,1
2024-02-23 11:00:00,56.59158517437196,68.73168113004326,145.48986274933017,11,4,23,2,0,1
2024-02-23 12:00:00,64.88625753457723,60.041487875817374,119.17646376489957,12,4,23,2,0,1
2024-02-23 13:00:00,46.43157056280761,63.91877645148624,132.0828404864632,13,4,23,2,0,1
2024-02-23 14:00:00,40.771299327947865,64.73239645869057,142.47248300397493,14,4,23,2,0,1
2024-02-23 15:00:00,87.55721460735182,65.58378819886866,141.97136572992343,15,4,23,2,0,1
2024-02-23 16:00:00,87.78141186830669,68.71838564372946,108.63748599718602,16,4,23,2,0,1
2024-02-23 17:00:00,51.10217148709158,63.32655744653554,158.67409100594983,17,4,23,2,0,1
2024-02-23 18:00:00,39.59433536670711,57.065504049982536,76.4601846001827,18,4,23,2,0,0
2024-02-23 19:00:00,45.273219339904195,58.202624619380515,130.4749325390563,19,4,23,2,0,0
2024-02-23 20:00:00,36.30203248909758,58.95734009121999,102.95885324943669,20,4,23,2,0,0
2024-02-23 21:00:00,66.31339896891852,58.84945521632838,101.53703668965049,21,4,23,2,0,0
2024-02-23 22:00:00,40.43498626365203,60.3013226711701,47.62062058753703,22,4,23,2,0,0
2024-02-23 23:00:00,25.80964771873075,62.0317642292373,52.60622587576122,23,4,23,2,0,0
2024-02-24 00:00:00,19.193546169675226,60.32600161360931,81.11446208506028,0,5,24,2,1,0
2024-02-24 01:00:00,27.57948278131476,60.66881731885048,78.62142941583471,1,5,24,2,1,0
2024-02-24 02:00:00,29.2847659015249,52.62454251985964,51.59888270087543,2,5,24,2,1,0
2024-02-24 03:00:00,36.69648714601517,59.25325460976749,50.34884546148138,3,5,24,2,1,0
2024-02-24 04:00:00,28.219918442466867,61.06923007288459,50.772055146597296,4,5,24,2,1,0
2024-02-24 05:00:00,44.37895889358806,62.16576694704837,71.15097160724329,5,5,24,2,1,0
2024-02-24 06:00:00,39.68254514052019,56.57934635978016,81.47070787915996,6,5,24,2,1,0
2024-02-24 07:00:00,32.53387422687259,56.811283426490235,71.822786934821,7,5,24,2,1,0
2024-02-24 08:00:00,42.34718576710947,57.24967145834641,68.23170952210958,8,5,24,2,1,0
2024-02-24 09:00:00,,69.79030474075037,79.43115542762598,9,5,24,2,1,1
2024-02-24 10:00:00,50.20360074028911,71.87868847648221,120.75360490249851,10,5,24,2,1,1
2024-02-24 11:00:00,32.97535758592146,66.21177786424019,62.04660616537993,11,5,24,2,1,1
2024-02-24 12:00:00,41.92822982438119,71.57185929420844,76.35366168117707,12,5,24,2,1,1
2024-02-24 13:00:00,47.001601650013555,68.53225752253356,86.74101804594926,13,5,24,2,1,1
2024-02-24 14:00:00,49.85378447308946,67.63945871507804,59.39161269424092,14,5,24,2,1,1
2024-02-24 15:00:00,43.5344270502369,67.38926252740025,73.64923153214255,15,5,24,2,1,1
2024-02-24 16:00:00,42.43465899554246,71.31937540817876,114.9017432543258,16,5,24,2,1,1
2024-02-24 17:00:00,59.361690847298576,69.73330339691002,96.33555956670801,17,5,24,2,1,1
2024-02-24 18:00:00,44.32739401643569,69.63228649568548,57.53565220921471,18,5,24,2,1,0
2024-02-24 19:00:00,42.372692884915644,57.21800814396654,57.1094576556434,19,5,24,2,1,0
2024-02-24 20:00:00,34.53358596843176,62.797163532418594,46.145256437367316,20,5,24,2,1,0
2024-02-24 21:00:00,30.19876613622644,58.70572957462973,59.4614779636435,21,5,24,2,1,0
2024-02-24 22:00:00,36.516009844961815,57.44308824231275,62.52966924019156,22,5,24,2,1,0
2024-02-24 23:00:00,39.23149202809691,60.974394712771534,59.743825650858945,23,5,24,2,1,0
2024-02-25 00:00:00,32.95523184936763,61.66482355276192,48.20965803193953,0,6,25,2,1,0
2024-02-25 01:00:00,38.3499332447401,72.88558034441789,40.26367438299659,1,6,25,2,1,0
2024-02-25 02:00:00,38.56430206052622,60.573696278500094,51.23566497250932,2,6,25,2,1,0
2024-02-25 03:00:00,69.79281688594514,56.886877783528206,50.91240210117984,3,6,25,2,1,0
2024-02-25 04:00:00,20.857010026553525,62.59686729203065,66.14486295222362,4,6,25,2,1,0
2024-02-25 05:00:00,30.143766393547125,53.303413372015385,57.46067623612444,5,6,25,2,1,0
2024-02-25 06:00:00,43.00532577104968,61.331211692768065,67.38941381923385,6,6,25,2,1,0
2024-02-25 07:00:00,39.39818949744768,61.8601202775565,84.64293844287472,7,6,25,2,1,0
2024-02-25 08:00:00,44.59062736162028,65.07131485504819,90.45194947311616,8,6,25,2,1,0
2024-02-25 09:00:00,48.36778355511512,73.88420917321906,87.55510400993269,9,6,25,2,1,1
2024-02-25 10:00:00,27.773256641030045,68.07216005929715,87.93871331437069,10,6,25,2,1,1
2024-02-25 11:00:00,53.77722169402956,69.580611175052,80.24241992538437,11,6,25,2,1,1
2024-02-25 12:00:00,41.16930035193277,67.21512178328116,69.43928815476299,12,6,25,2,1,1
2024-02-25 13:00:00,38.09779388765504,65.8638007687092,95.43694327353893,13,6,25,2,1,1
2024-02-25 14:00:00,53.47949107237297,71.71198283659798,92.14535571512363,14,6,25,2,1,1
2024-02-25 15:00:00,49.93604759661358,65.47431994592803,81.43469318886643,15,6,25,2,1,1
2024-02-25 16:00:00,54.695551883091206,69.00631749291135,85.50797651513871,16,6,25,2,1,1
2024-02-25 17:00:00,77.09000424987084,66.78019559006012,99.47486323845885,17,6,25,2,1,1
2024-02-25 18:00:00,36.04578288603037,65.05559273719435,86.28543818889226,18,6,25,2,1,0
2024-02-25 19:00:00,40.14710773873801,70.15845003018177,30.527169408127314,19,6,25,2,1,0
2024-02-25 20:00:00,30.765027934543426,57.84214727495266,56.59360762841556,20,6,25,2,1,0
2024-02-25 21:00:00,28.178637713251725,55.73209363535658,65.38623697207396,21,6,25,2,1,0
2024-02-25 22:00:00,27.965892850457692,62.74018603235152,138.1324507208465,22,6,25,2,1,0
2024-02-25 23:00:00,45.269821679332,63.397987271264014,57.911502262245946,23,6,25,2,1,0
2024-02-26 00:00:00,30.713588295581616,64.30519119845916,51.32681852670369,0,0,26,2,0,0
2024-02-26 01:00:00,21.341136339256426,61.74052403086064,64.42711469006125,1,0,26,2,0,0
2024-02-26 02:00:00,33.75281457650666,62.818394121934745,151.75112751303482,2,0,26,2,0,0
2024-02-26 03:00:00,30.61370162807519,65.18603016127945,52.349040748558764,3,0,26,2,0,0
2024-02-26 04:00:00,43.93919052721969,67.97264014209138,64.3090877104114,4,0,26,2,0,0
2024-02-26 05:00:00,46.58799383914341,56.08553926994932,74.15573258634066,5,0,26,2,0,0
2024-02-26 06:00:00,41.69227871101379,62.52468298168032,99.20190248507755,6,0,26,2,0,0
2024-02-26 07:00:00,47.082244052663086,64.95026978937011,89.51244160413466,7,0,26,2,0,0
2024-02-26 08:00:00,47.75030305239908,60.517610445333965,63.30841611864854,8,0,26,2,0,0
2024-02-26 09:00:00,54.61078118743639,79.2085589033846,122.00493877260499,9,0,26,2,0,1
2024-02-26 10:00:00,53.156794286353865,69.83649052117089,120.44732178594415,10,0,26,2,0,1
2024-02-26 11:00:00,47.60613484585357,72.30709200681974,141.11525427004673,11,0,26,2,0,1
2024-02-26 12:00:00,40.23049710209525,74.79036579865816,132.36451837661417,12,0,26,2,0,1
2024-02-26 13:00:00,47.56391311846072,70.2950337558345,132.9243263861828,13,0,26,2,0,1
2024-02-26 14:00:00,54.33249624167711,65.36765596550524,118.06517299261289,14,0,26,2,0,1
2024-02-26 15:00:00,43.40283824241176,71.13298394628649,150.99126889980823,15,0,26,2,0,1
2024-02-26 16:00:00,56.65813863519155,77.05889573509424,132.8211003548766,16,0,26,2,0,1
2024-02-26 17:00:00,55.554754696290004,71.68696093359856,117.23229276328773,17,0,26,2,0,1
2024-02-26 18:00:00,40.626559323301876,61.742087550979804,78.20141862663225,18,0,26,2,0,0
2024-02-26 19:00:00,42.826759117391575,68.92367121554618,94.98558499835977,19,0,26,2,0,0
2024-02-26 20:00:00,64.60335010457922,63.990913639867316,176.71429300300466,20,0,26,2,0,0
2024-02-26 21:00:00,51.6378593430334,63.36627296571865,80.62748072348276,21,0,26,2,0,0
2024-02-26 22:00:00,41.49117243593274,66.09751465269584,43.480702652402584,22,0,26,2,0,0
2024-02-26 23:00:00,25.813893689979054,68.67533521425428,70.98226839082103,23,0,26,2,0,0
2024-02-27 00:00:00,26.01964155004469,75.21170152635949,47.033599419964204,0,1,27,2,0,0
2024-02-27 01:00:00,27.659977431885892,69.08617273279945,83.84284554155794,1,1,27,2,0,0
2024-02-27 02:00:00,39.41181020191618,70.50883589003348,66.87583514935602,2,1,27,2,0,0
2024-02-27 03:00:00,37.72471373120398,63.937724714218106,43.42837989537725,3,1,27,2,0,0
2024-02-27 04:00:00,43.378541652971585,61.95009528252512,69.05569860816294,4,1,27,2,0,0
2024-02-27 05:00:00,74.35671993942219,66.3947349622044,81.02250519828237,5,1,27,2,0,0
2024-02-27 06:00:00,32.751139979554225,66.6657936971383,88.86493391014405,6,1,27,2,0,0
2024-02-27 07:00:00,49.11403804814268,62.014629115451015,113.06326978551516,7,1,27,2,0,0
2024-02-27 08:00:00,53.99482687896402,65.71892853939138,97.17210863333713,8,1,27,2,0,0
2024-02-27 09:00:00,52.327382152160475,76.10866314160822,121.34156911434144,9,1,27,2,0,1
2024-02-27 10:00:00,54.811582793006096,76.04411085600478,163.21494913834894,10,1,27,2,0,1
2024-02-27 11:00:00,53.60516593677731,76.71069066753542,109.78436154535895,11,1,27,2,0,1
2024-02-27 12:00:00,53.948219234626656,75.94825656443177,125.17370944014688,12,1,27,2,0,1
2024-02-27 13:00:00,61.60837737153205,72.84707678704561,129.5127844623686,13,1,27,2,0,1
2024-02-27 14:00:00,68.99667123364337,72.91007707029209,159.75556203218127,14,1,27,2,0,1
2024-02-27 15:00:00,66.0516326295239,70.26029549598967,141.35765231653033,15,1,27,2,0,1
2024-02-27 16:00:00,50.97620183558926,82.28547510356367,138.56711863057112,16,1,27,2,0,1
2024-02-27 17:00:00,57.107897722648474,75.29030160509461,119.147700663703,17,1,27,2,0,1
2024-02-27 18:00:00,38.72987467530883,66.42706346104032,88.30262258315874,18,1,27,2,0,0
2024-02-27 19:00:00,39.475671581469925,63.70113223443395,81.67090367980242,19,1,27,2,0,0
2024-02-27 20:00:00,44.46257367960516,79.24860538838091,98.03188121114451,20,1,27,2,0,0
2024-02-27 21:00:00,39.273920087113986,63.30218221997775,108.13515298351496,21,1,27,2,0,0
2024-02-27 22:00:00,30.359574069039656,65.96946957920595,97.58173358035341,22,1,27,2,0,0
2024-02-27 23:00:00,36.91523600428302,69.43742093832547,53.2253836623458,23,1,27,2,0,0
2024-02-28 00:00:00,38.997480882423474,70.26398216619367,39.413853936580395,0,2,28,2,0,0
2024-02-28 01:00:00,,71.78375865618325,155.41551336389807,1,2,28,2,0,0
2024-02-28 02:00:00,38.85799162144526,75.27120704806887,75.72305951512914,2,2,28,2,0,0
2024-02-28 03:00:00,25.098700621381617,70.15398770151079,47.42735276502703,3,2,28,2,0,0
2024-02-28 04:00:00,28.893711166571347,63.99365845888266,60.045901751078596,4,2,28,2,0,0
2024-02-28 05:00:00,35.30350268358082,67.2782652931364,68.76934428730111,5,2,28,2,0,0
2024-02-28 06:00:00,53.58382438212809,69.62547801774465,83.51548221285688,6,2,28,2,0,0
2024-02-28 07:00:00,63.91097995695489,76.75499307440305,193.4759641304559,7,2,28,2,0,0
2024-02-28 08:00:00,47.430548764839,62.9786440734907,76.089404914561,8,2,28,2,0,0
2024-02-28 09:00:00,60.772500041009145,81.46778484058945,149.32650433755083,9,2,28,2,0,1
2024-02-28 10:00:00,44.29115360221401,77.4645839437485,126.49589558525702,10,2,28,2,0,1
2024-02-28 11:00:00,60.54334898425289,80.18353012953948,133.02998516135983,11,2,28,2,0,1
2024-02-28 12:00:00,70.94012282534494,76.5113435902849,103.82859418592048,12,2,28,2,0,1
2024-02-28 13:00:00,48.86674729773322,73.63653842181891,114.1701376211131,13,2,28,2,0,1
2024-02-28 14:00:00,50.603542912731356,80.09653763905348,145.15568969924897,14,2,28,2,0,1
2024-02-28 15:00:00,91.87670309583842,79.79737838318533,123.31363810304727,15,2,28,2,0,1
2024-02-28 16:00:00,55.20310736433928,81.15431915003528,116.77058853599239,16,2,28,2,0,1
2024-02-28 17:00:00,39.64261475041875,77.29913810595082,108.35927820995931,17,2,28,2,0,1
2024-02-28 18:00:00,41.055017420801825,67.03916135601824,108.99495401934433,18,2,28,2,0,0
2024-02-28 19:00:00,56.54905602775051,63.28922081015969,100.64899122220856,19,2,28,2,0,0
2024-02-28 20:00:00,42.76829655734553,72.8876068449136,99.57814975901398,20,2,28,2,0,0
2024-02-28 21:00:00,42.76191865203332,71.39124143175366,115.4643566956401,21,2,28,2,0,0
2024-02-28 22:00:00,41.32297516841369,65.91794655842301,55.188242072220014,22,2,28,2,0,0
2024-02-28 23:00:00,37.72041035655112,67.71199895803502,39.56934943717864,23,2,28,2,0,0
2024-02-29 00:00:00,32.34953293453342,68.08429705778782,160.91178058751956,0,3,29,2,0,0
2024-02-29 01:00:00,30.102106123937997,64.10425444910078,88.8942878228309,1,3,29,2,0,0
2024-02-29 02:00:00,58.592755402469805,66.85014280761665,61.21915751386603,2,3,29,2,0,0
2024-02-29 03:00:00,44.95743664589429,65.67005066238474,77.68265166038465,3,3,29,2,0,0
2024-02-29 04:00:00,38.854928493747934,68.63977435370701,40.06488544164827,4,3,29,2,0,0
2024-02-29 05:00:00,39.37811837902373,67.41903647770876,48.865079806851426,5,3,29,2,0,0
2024-02-29 06:00:00,43.996365919976796,63.94975976204794,104.14407929845851,6,3,29,2,0,0
2024-02-29 07:00:00,47.62303619327486,78.63190939817787,92.71880922517576,7,3,29,2,0,0
2024-02-29 08:00:00,43.16160295539845,75.63529564207495,88.59144646930429,8,3,29,2,0,0
2024-02-29 09:00:00,48.18874852591749,75.59245364600494,147.44501454557957,9,3,29,2,0,1
2024-02-29 10:00:00,57.93985332379444,79.88142906993133,143.9202348872753,10,3,29,2,0,1
2024-02-29 11:00:00,52.491762510620816,80.5446287006372,133.12737955863372,11,3,29,2,0,1
2024-02-29 12:00:00,58.36075592361473,83.72194849966445,94.68275615955096,12,3,29,2,0,1
2024-02-29 13:00:00,59.85480474572537,75.76583277341535,130.2737869128417,13,3,29,2,0,1
2024-02-29 14:00:00,58.789056614491635,83.49113805954383,136.6875831284387,14,3,29,2,0,1
2024-02-29 15:00:00,47.58895096014769,77.01335718296875,104.1661459906372,15,3,29,2,0,1
2024-02-29 16:00:00,51.66106549115933,73.9436048852431,136.15574915180338,16,3,29,2,0,1
2024-02-29 17:00:00,82.63928068609675,82.26548466533444,148.22000170199354,17,3,29,2,0,1
2024-02-29 18:00:00,52.80653375475767,76.61366307766639,90.24561362896941,18,3,29,2,0,0
2024-02-29 19:00:00,52.34763555153931,81.88376246306878,75.19585895247664,19,3,29,2,0,0
2024-02-29 20:00:00,39.32336116200662,66.81452814359565,56.16313003357879,20,3,29,2,0,0
2024-02-29 21:00:00,34.931960714597324,74.49021524396696,96.46514538195115,21,3,29,2,0,0
2024-02-29 22:00:00,54.41373189076418,70.13624271515297,35.712404152262025,22,3,29,2,0,0
2024-02-29 23:00:00,,74.98959683332444,69.44609271613108,23,3,29,2,0,0
2024-03-01 00:00:00,23.979059993966104,66.05472043356653,87.96072795617638,0,4,1,3,0,0
2024-03-01 01:00:00,30.481807966632463,66.9659177664079,27.878536795204425,1,4,1,3,0,0
2024-03-01 02:00:00,43.17106636343519,68.99361663274004,49.50598786946454,2,4,1,3,0,0
2024-03-01 03:00:00,,72.49289123680055,56.8593658003213,3,4,1,3,0,0
2024-03-01 04:00:00,49.967721402974256,69.69242844123872,89.03791538520906,4,4,1,3,0,0
2024-03-01 05:00:00,38.11691341896723,74.97248791789168,62.03783852349436,5,4,1,3,0,0
2024-03-01 06:00:00,23.914018087864978,76.52316389377314,83.45605451729956,6,4,1,3,0,0
2024-03-01 07:00:00,45.027004052777286,74.89300757501356,105.72175138903732,7,4,1,3,0,0
2024-03-01 08:00:00,36.8888323816597,79.0487563409552,84.23727501439537,8,4,1,3,0,0
2024-03-01 09:00:00,55.68549729122687,82.31561633269385,118.56799827228853,9,4,1,3,0,1
2024-03-01 10:00:00,47.837229421095806,75.86322194875439,139.19898316991717,10,4,1,3,0,1
2024-03-01 11:00:00,51.735193286718236,86.26260804971993,147.06665171002993,11,4,1,3,0,1
2024-03-01 12:00:00,61.86760893325332,78.46656378147436,92.36564232257386,12,4,1,3,0,1
2024-03-01 13:00:00,53.123035440340686,84.60674227168595,118.46850384942219,13,4,1,3,0,1
2024-03-01 14:00:00,52.602586815945706,87.33767681193565,133.2807739921223,14,4,1,3,0,1
2024-03-01 15:00:00,54.59836306366604,82.94695509334427,127.4977788895241,15,4,1,3,0,1
2024-03-01 16:00:00,75.9663447282398,75.2128216478312,129.82003983058414,16,4,1,3,0,1
2024-03-01 17:00:00,46.104263793806695,77.60165214853262,115.32965464716148,17,4,1,3,0,1
2024-03-01 18:00:00,47.245091235921095,78.64231198411271,100.40559168804278,18,4,1,3,0,0
2024-03-01 19:00:00,59.06896387356107,72.75146539308855,213.7674156273559,19,4,1,3,0,0
2024-03-01 20:00:00,44.575034775859635,73.8226603460543,78.14974354777188,20,4,1,3,0,0
2024-03-01 21:00:00,54.78855105934902,76.61586133285368,100.39222815451384,21,4,1,3,0,0
2024-03-01 22:00:00,24.446022443209863,76.44183931478673,75.32944165017213,22,4,1,3,0,0
2024-03-01 23:00:00,33.37615490083474,74.84751740102247,63.16814098836685,23,4,1,3,0,0
2024-03-02 00:00:00,26.599691484818827,72.97320039410715,63.703567848848486,0,5,2,3,1,0
2024-03-02 01:00:00,32.49180340307716,72.63254062716933,43.73339396870726,1,5,2,3,1,0
2024-03-02 02:00:00,32.6574129495074,77.38993441246328,76.73120723022313,2,5,2,3,1,0
2024-03-02 03:00:00,33.46418187846716,76.24752547874138,71.19730738099557,3,5,2,3,1,0
2024-03-02 04:00:00,39.787447057642275,73.07873851443976,73.12025774519229,4,5,2,3,1,0
2024-03-02 05:00:00,15.024885328123158,78.51086123331478,36.965461428632565,5,5,2,3,1,0
2024-03-02 06:00:00,34.14639764187763,73.74053067540969,73.63942985463012,6,5,2,3,1,0
2024-03-02 07:00:00,40.69026953823578,70.92405467695552,56.75893176995514,7,5,2,3,1,0
2024-03-02 08:00:00,23.987578351665007,71.36863729991697,90.25567386782524,8,5,2,3,1,0
2024-03-02 09:00:00,49.95769156772909,78.5631533589847,70.44362801293181,9,5,2,3,1,1
2024-03-02 10:00:00,40.005236882294206,81.46185254404463,85.7829228135143,10,5,2,3,1,1
2024-03-02 11:00:00,43.5237971387532,87.55954434318554,52.44537127972899,11,5,2,3,1,1
2024-03-02 12:00:00,52.17652957509706,79.47719925938156,85.70359095124918,12,5,2,3,1,1
2024-03-02 13:00:00,85.19900033022978,83.52419334220268,65.12203258393416,13,5,2,3,1,1
2024-03-02 14:00:00,50.21217593071604,80.21602022345444,90.44281720685696,14,5,2,3,1,1
2024-03-02 15:00:00,65.89851463660148,81.87380517973777,79.9338840941811,15,5,2,3,1,1
2024-03-02 16:00:00,49.790355116495284,76.94691611017527,76.66097624369544,16,5,2,3,1,1
2024-03-02 17:00:00,50.34672390974465,82.176742978227,106.7181640867551,17,5,2,3,1,1
2024-03-02 18:00:00,42.658243236921926,74.355664090442,100.5891987895161,18,5,2,3,1,0
2024-03-02 19:00:00,50.64657857717413,77.36300133894343,45.00986751226844,19,5,2,3,1,0
2024-03-02 20:00:00,39.67061302343489,76.16611087319333,61.12713110252181,20,5,2,3,1,0
2024-03-02 21:00:00,50.28367316162803,70.5503295535269,78.89446180282269,21,5,2,3,1,0
2024-03-02 22:00:00,44.226959761001524,79.75137451569479,59.77449624071451,22,5,2,3,1,0
2024-03-02 23:00:00,38.583226180312224,76.32624932253037,65.97850009665885,23,5,2,3,1,0
2024-03-03 00:00:00,35.37260436112609,76.34883847702085,52.98830162167227,0,6,3,3,1,0
2024-03-03 01:00:00,36.70547836214068,75.58853336030549,71.90417632758883,1,6,3,3,1,0
2024-03-03 02:00:00,46.59965899661104,73.62400196940084,57.11233196778273,2,6,3,3,1,0
2024-03-03 03:00:00,41.57234521787909,76.63578022641323,60.685168606228856,3,6,3,3,1,0
2024-03-03 04:00:00,24.739808771779686,77.73623335646951,37.1381721170884,4,6,3,3,1,0
2024-03-03 05:00:00,36.18341639957447,68.91537474620044,55.53812159726284,5,6,3,3,1,0
2024-03-03 06:00:00,32.21892857104732,73.8167607375699,79.07333949432213,6,6,3,3,1,0
2024-03-03 07:00:00,33.783288891255516,75.02063098609224,70.90755829316686,7,6,3,3,1,0
2024-03-03 08:00:00,36.03593521127977,77.13348381124825,96.55815959577536,8,6,3,3,1,0
2024-03-03 09:00:00,33.75546384657086,88.9501952133943,84.20615241168962,9,6,3,3,1,1
2024-03-03 10:00:00,37.737950558824636,81.15790455921933,89.65803067676855,10,6,3,3,1,1
2024-03-03 11:00:00,57.15427138913415,82.32070343704704,85.02607982194066,11,6,3,3,1,1
2024-03-03 12:00:00,39.737323569182905,57.32986332516119,81.48153640234295,12,6,3,3,1,1
2024-03-03 13:00:00,51.83620181653293,56.24110385125255,95.58576400746048,13,6,3,3,1,1
2024-03-03 14:00:00,46.37471471834825,58.12544774527913,80.44281273395549,14,6,3,3,1,1
2024-03-03 15:00:00,,,164.29309272151878,15,6,3,3,1,1
2024-03-03 16:00:00,49.77782574602708,55.432104290724155,105.88037347864125,16,6,3,3,1,1
2024-03-03 17:00:00,37.413215966206394,61.42497605387712,73.18393046020152,17,6,3,3,1,1
2024-03-03 18:00:00,45.78539370133335,44.972145161807184,44.351988093213095,18,6,3,3,1,0
2024-03-03 19:00:00,29.139813481851927,49.60020071136842,75.5728049827286,19,6,3,3,1,0
2024-03-03 20:00:00,33.4258254525634,50.593156723199144,92.16466672114666,20,6,3,3,1,0
2024-03-03 21:00:00,43.65621253667781,58.67587606530847,75.95396802841144,21,6,3,3,1,0
2024-03-03 22:00:00,54.931562527390334,50.94231344378439,75.22260994238331,22,6,3,3,1,0
2024-03-03 23:00:00,17.29899446661937,43.301395520564796,40.88701094978775,23,6,3,3,1,0
2024-03-04 00:00:00,67.79720037839755,44.17542162975917,142.48202039062434,0,0,4,3,0,0
2024-03-04 01:00:00,22.481577829103557,52.37146417149365,55.07437110874796,1,0,4,3,0,0
2024-03-04 02:00:00,40.43314220350556,54.7545581850229,76.61581643973673,2,0,4,3,0,0
2024-03-04 03:00:00,32.583636004081086,53.86518714175954,68.49903222589089,3,0,4,3,0,0
2024-03-04 04:00:00,37.68046423267294,53.097292750249665,69.66465750162301,4,0,4,3,0,0
2024-03-04 05:00:00,37.52924765746223,57.139458658056775,62.19713417479977,5,0,4,3,0,0
2024-03-04 06:00:00,51.05430943989585,50.39522231606939,85.35735171109157,6,0,4,3,0,0
2024-03-04 07:00:00,49.89975035210882,56.19615501493185,92.88006355453015,7,0,4,3,0,0
2024-03-04 08:00:00,66.86653497138802,46.15113718020919,87.92497076975434,8,0,4,3,0,0
2024-03-04 09:00:00,53.04735621060639,57.12184733863903,124.33864898304506,9,0,4,3,0,1
2024-03-04 10:00:00,57.67087973254828,53.575672750278486,136.19721213928935,10,0,4,3,0,1
2024-03-04 11:00:00,66.45093425464947,59.76641419148819,126.5018725269041,11,0,4,3,0,1
2024-03-04 12:00:00,59.97655992244839,60.74246469488477,134.39243265380026,12,0,4,3,0,1
2024-03-04 13:00:00,95.63146655628327,61.44538651540655,101.79346683905378,13,0,4,3,0,1
2024-03-04 14:00:00,58.09446816551362,61.297741466592896,133.10709155167854,14,0,4,3,0,1
2024-03-04 15:00:00,63.72784340148773,57.4009784856478,126.41090279272223,15,0,4,3,0,1
2024-03-04 16:00:00,56.99446876513383,60.410968155805364,152.17181839149225,16,0,4,3,0,1
2024-03-04 17:00:00,,,107.76404819506347,17,0,4,3,0,1
2024-03-04 18:00:00,42.18868611429014,58.745593727391004,91.9667898701272,18,0,4,3,0,0
2024-03-04 19:00:00,57.50730687065686,52.13817958545398,103.27263874201738,19,0,4,3,0,0
2024-03-04 20:00:00,48.99891298992297,51.45690038446886,88.51028493311952,20,0,4,3,0,0
2024-03-04 21:00:00,33.80555060158447,59.827721847407126,85.91359648603692,21,0,4,3,0,0
2024-03-04 22:00:00,37.94119434393137,48.56224452391927,73.21593281070999,22,0,4,3,0,0
2024-03-04 23:00:00,18.199787938787008,49.087906546219294,68.10884312718362,23,0,4,3,0,0
2024-03-05 00:00:00,40.00406413464829,49.264152041241346,69.28624754082016,0,1,5,3,0,0
2024-03-05 01:00:00,42.08185186391193,53.436079926965576,54.367365290407506,1,1,5,3,0,0
2024-03-05 02:00:00,50.63325947000229,55.492377646738845,52.54024280463496,2,1,5,3,0,0
2024-03-05 03:00:00,30.954026365904507,56.7825920293204,64.41123058189821,3,1,5,3,0,0
2024-03-05 04:00:00,50.70069752424636,64.16966360874989,74.5711853650854,4,1,5,3,0,0
2024-03-05 05:00:00,35.02956537478278,44.94149766234409,40.57112068999319,5,1,5,3,0,0
2024-03-05 06:00:00,39.060126139692926,56.43146774585004,89.0349352893125,6,1,5,3,0,0
2024-03-05 07:00:00,41.11755331705705,51.8250535966494,83.17242324069355,7,1,5,3,0,0
2024-03-05 08:00:00,49.50304688139484,51.764718200087806,90.78686080334165,8,1,5,3,0,0
2024-03-05 09:00:00,47.96148517198357,59.68784543237824,141.69742961132573,9,1,5,3,0,1
2024-03-05 10:00:00,82.3188977506284,58.588162489080574,118.17928565150488,10,1,5,3,0,1
2024-03-05 11:00:00,57.73870267591697,69.01739965713253,139.85393599513134,11,1,5,3,0,1
2024-03-05 12:00:00,67.4332833657182,65.70430054118977,124.84997236221326,12,1,5,3,0,1
2024-03-05 13:00:00,61.83180781241779,62.48345768451572,147.13311089328337,13,1,5,3,0,1
2024-03-05 14:00:00,55.34811734914773,67.85005080105977,118.97993359484711,14,1,5,3,0,1
2024-03-05 15:00:00,,56.45093730156504,144.33903733496143,15,1,5,3,0,1
2024-03-05 16:00:00,56.93057547933425,57.23304923327484,111.9412952655043,16,1,5,3,0,1
2024-03-05 17:00:00,45.791887331043945,53.898566529432365,133.378850229754,17,1,5,3,0,1
2024-03-05 18:00:00,59.043805586523916,51.86709798691286,200.18940729973525,18,1,5,3,0,0
2024-03-05 19:00:00,57.58415780171885,55.36561982503522,79.34795089743926,19,1,5,3,0,0
2024-03-05 20:00:00,44.40841947513286,55.184080380632,58.279596013893965,20,1,5,3,0,0
2024-03-05 21:00:00,41.386724190723015,55.42358474819632,83.64148391501107,21,1,5,3,0,0
2024-03-05 22:00:00,25.95507732049979,49.2353114098386,60.94848219769652,22,1,5,3,0,0
2024-03-05 23:00:00,39.98168979120215,58.14522984675658,55.862400601553155,23,1,5,3,0,0
2024-03-06 00:00:00,40.03623667377449,55.943943526702036,52.28866793448153,0,2,6,3,0,0
2024-03-06 01:00:00,28.56547392272006,57.970223521739335,73.46483657474616,1,2,6,3,0,0
2024-03-06 02:00:00,37.02532190430385,47.51928092800475,78.84296159120524,2,2,6,3,0,0
2024-03-06 03:00:00,41.56275210089965,56.388366558325096,77.81570076207683,3,2,6,3,0,0
2024-03-06 04:00:00,30.868562848899426,50.44316583867518,67.44951922469843,4,2,6,3,0,0
2024-03-06 05:00:00,33.428267332575224,53.65650760820175,69.52650017396888,5,2,6,3,0,0
2024-03-06 06:00:00,43.353124552957276,57.43458413851979,76.996731226748,6,2,6,3,0,0
2024-03-06 07:00:00,39.02737322767809,55.71257296697207,89.55466814571032,7,2,6,3,0,0
2024-03-06 08:00:00,43.58580669507374,51.99286266636248,92.1638028342306,8,2,6,3,0,0
2024-03-06 09:00:00,42.61105360909003,63.474689278704915,134.96175709807355,9,2,6,3,0,1
2024-03-06 10:00:00,52.95056198003696,57.373779472084614,134.69298477236367,10,2,6,3,0,1
2024-03-06 11:00:00,53.068020433033766,68.15106439824682,130.98606490070932,11,2,6,3,0,1
2024-03-06 12:00:00,54.50588640111897,62.77868281891356,137.26887068258912,12,2,6,3,0,1
2024-03-06 13:00:00,58.835532144688514,68.12359276121317,134.0121308334709,13,2,6,3,0,1
2024-03-06 14:00:00,45.374393156886846,61.59259033879722,133.97745884119882,14,2,6,3,0,1
2024-03-06 15:00:00,46.66364470205518,61.65348726913816,120.26502219290263,15,2,6,3,0,1
2024-03-06 16:00:00,48.84003147042034,60.73986826753635,113.77879928891069,16,2,6,3,0,1
2024-03-06 17:00:00,44.63106668600084,67.3498854173186,135.03770897080105,17,2,6,3,0,1
2024-03-06 18:00:00,49.76023572668452,53.05578945846926,84.25773778519876,18,2,6,3,0,0
2024-03-06 19:00:00,40.54061557513343,58.519970377349054,80.90874251670512,19,2,6,3,0,0
2024-03-06 20:00:00,44.74848663700179,54.45960382772056,100.59758195320879,20,2,6,3,0,0
2024-03-06 21:00:00,38.21257092647348,48.13313525472544,89.71316730219439,21,2,6,3,0,0
2024-03-06 22:00:00,32.1229626203803,53.803057544849054,81.30277408172924,22,2,6,3,0,0
2024-03-06 23:00:00,37.40885871353394,51.41495671292113,68.88170850427377,23,2,6,3,0,0
2024-03-07 00:00:00,37.79840019654326,56.313826685260096,149.3999634389029,0,3,7,3,0,0
2024-03-07 01:00:00,26.967563225263916,51.46316161311593,70.79399246437337,1,3,7,3,0,0
2024-03-07 02:00:00,34.35520200562591,59.97502035466113,66.52817292434403,2,3,7,3,0,0
2024-03-07 03:00:00,28.33555154399393,55.95289462889987,48.87752625130913,3,3,7,3,0,0
2024-03-07 04:00:00,34.065872673638026,55.652643030353694,52.5082321067218,4,3,7,3,0,0
2024-03-07 05:00:00,29.915537268764773,59.03217542445934,70.03627815401286,5,3,7,3,0,0
2024-03-07 06:00:00,59.660456347833616,60.30956550887964,65.02312055543933,6,3,7,3,0,0
2024-03-07 07:00:00,51.51321409694613,56.4186248168389,59.97389748785608,7,3,7,3,0,0
2024-03-07 08:00:00,48.150378385730015,53.459051952084245,93.11790751600621,8,3,7,3,0,0
2024-03-07 09:00:00,39.57861936523512,57.49255941638593,131.98896508039152,9,3,7,3,0,1
2024-03-07 10:00:00,52.768932846793945,61.88857512281738,134.43899860519144,10,3,7,3,0,1
2024-03-07 11:00:00,61.761263769474574,62.208013115653465,132.03143252079934,11,3,7,3,0,1
2024-03-07 12:00:00,54.58076439538024,65.14893169446617,137.07086894147486,12,3,7,3,0,1
2024-03-07 13:00:00,68.63284413004394,63.38370612116619,149.07849318135916,13,3,7,3,0,1
2024-03-07 14:00:00,62.611594216464695,67.55936944032055,130.66828248356728,14,3,7,3,0,1
2024-03-07 15:00:00,52.06794383705559,62.398800683005845,109.50828878599472,15,3,7,3,0,1
2024-03-07 16:00:00,67.50311014806559,64.66541779882205,103.47764632370152,16,3,7,3,0,1
2024-03-07 17:00:00,52.80805534536557,69.67213359812023,125.48988459334475,17,3,7,3,0,1
2024-03-07 18:00:00,60.23309271658405,58.34583888617066,85.86156417839739,18,3,7,3,0,0
2024-03-07 19:00:00,58.007671322896506,56.78049510567842,71.63396689429092,19,3,7,3,0,0
2024-03-07 20:00:00,47.36499590997676,54.65472798115613,57.65331934492451,20,3,7,3,0,0
2024-03-07 21:00:00,32.866859604633675,54.571194076371036,84.43113943994409,21,3,7,3,0,0
2024-03-07 22:00:00,36.73420451010103,53.74303421327892,86.0697747768528,22,3,7,3,0,0
2024-03-07 23:00:00,26.221579778937247,55.02258118714304,66.43451922822776,23,3,7,3,0,0
2024-03-08 00:00:00,30.136997914593458,60.25014751573588,165.0813724342055,0,4,8,3,0,0
2024-03-08 01:00:00,30.687018374808172,56.38056089948137,58.074026011235865,1,4,8,3,0,0
2024-03-08 02:00:00,26.161097655499837,51.909406078679076,55.4659591187621,2,4,8,3,0,0
2024-03-08 03:00:00,36.764331416110934,64.42131468804864,67.96300743100723,3,4,8,3,0,0
2024-03-08 04:00:00,29.256648874019184,58.66839247456813,43.15207423686934,4,4,8,3,0,0
2024-03-08 05:00:00,33.155802998557995,51.80040758932983,90.68481821515732,5,4,8,3,0,0
2024-03-08 06:00:00,40.750285643139215,55.70019050979374,74.13727994559852,6,4,8,3,0,0
2024-03-08 07:00:00,48.87101320950432,57.9502925882985,99.35013451012243,7,4,8,3,0,0
2024-03-08 08:00:00,48.268858461614144,64.36403235023386,75.35069526204666,8,4,8,3,0,0
2024-03-08 09:00:00,52.53753223088893,61.151887422976564,132.40403286126366,9,4,8,3,0,1
2024-03-08 10:00:00,59.278538690767284,69.52693005447911,141.01159503710872,10,4,8,3,0,1
2024-03-08 11:00:00,64.8318440199125,71.25889973731493,106.93438287204997,11,4,8,3,0,1
2024-03-08 12:00:00,38.303783851183454,63.18428088815258,116.80534486673139,12,4,8,3,0,1
2024-03-08 13:00:00,,64.62654524008767,217.69507308301297,13,4,8,3,0,1
2024-03-08 14:00:00,47.50794900168323,61.62882216862287,126.65461478100397,14,4,8,3,0,1
2024-03-08 15:00:00,49.65776354824891,64.99743218541099,134.23054315693332,15,4,8,3,0,1
2024-03-08 16:00:00,37.09415013340022,65.70189291255919,156.44469478806099,16,4,8,3,0,1
2024-03-08 17:00:00,38.03439877891947,68.52358765664135,122.38424846275429,17,4,8,3,0,1
2024-03-08 18:00:00,23.019961258198123,62.28221552858486,115.24971863891295,18,4,8,3,0,0
2024-03-08 19:00:00,41.002158590786955,54.96535082966767,195.89152544576686,19,4,8,3,0,0
2024-03-08 20:00:00,40.79001714786063,50.124448082024664,73.68376986969498,20,4,8,3,0,0
2024-03-08 21:00:00,56.10670222566758,57.94454262938927,88.14161455147199,21,4,8,3,0,0
2024-03-08 22:00:00,36.1300571206997,59.239205786389654,39.73064395952348,22,4,8,3,0,0
2024-03-08 23:00:00,17.955468161542395,59.098021211382644,55.498068197577,23,4,8,3,0,0
2024-03-09 00:00:00,37.06614911739672,56.82871350646957,48.50487484293363,0,5,9,3,1,0
2024-03-09 01:00:00,94.40990165149061,58.669232546358984,56.651431548753955,1,5,9,3,1,0
2024-03-09 02:00:00,16.327096484011292,64.26658302720188,63.40315595293533,2,5,9,3,1,0
2024-03-09 03:00:00,46.79757319808887,59.76608249613277,53.26851522235327,3,5,9,3,1,0
2024-03-09 04:00:00,32.635902037590064,56.77977691860896,39.17206488201149,4,5,9,3,1,0
2024-03-09 05:00:00,59.60610933281565,56.306327317803806,87.61389834308689,5,5,9,3,1,0
2024-03-09 06:00:00,34.44133657408993,57.661340695571276,87.22806790052735,6,5,9,3,1,0
2024-03-09 07:00:00,41.636069884584074,64.9211054954377,93.6272341407991,7,5,9,3,1,0
2024-03-09 08:00:00,35.67044476091797,57.674102728692944,63.81975866529172,8,5,9,3,1,0
2024-03-09 09:00:00,35.95944528767714,66.36105292524827,87.21096229652143,9,5,9,3,1,1
2024-03-09 10:00:00,40.71731930387021,64.54366600085076,79.01406169360195,10,5,9,3,1,1
2024-03-09 11:00:00,47.86762894567696,70.90130937310977,84.77240550432481,11,5,9,3,1,1
2024-03-09 12:00:00,50.484061910321635,74.37694673715521,85.56463984449938,12,5,9,3,1,1
2024-03-09 13:00:00,59.788870666371295,68.37203825128003,63.83886060056253,13,5,9,3,1,1
2024-03-09 14:00:00,45.784540316311556,66.93243301490823,77.76639112115157,14,5,9,3,1,1
2024-03-09 15:00:00,,,97.7616143570817,15,5,9,3,1,1
2024-03-09 16:00:00,43.442421631066544,57.12692779982468,96.29514247321075,16,5,9,3,1,1
2024-03-09 17:00:00,44.48649458313202,69.67581755075521,77.50183788255082,17,5,9,3,1,1
2024-03-09 18:00:00,38.070167655024335,59.26270776637677,69.85174885987084,18,5,9,3,1,0
2024-03-09 19:00:00,40.71770546536421,60.47000766324172,162.57291184285688,19,5,9,3,1,0
2024-03-09 20:00:00,45.953236739975175,55.94115787696243,76.00598209092531,20,5,9,3,1,0
2024-03-09 21:00:00,35.355683791809035,57.279316655399455,42.82415388890347,21,5,9,3,1,0
2024-03-09 22:00:00,25.886073374173407,57.202952765178885,62.005428720092894,22,5,9,3,1,0
2024-03-09 23:00:00,40.642404465902025,62.96322411153111,76.39428934130741,23,5,9,3,1,0
2024-03-10 00:00:00,40.008374340238355,57.391144325044934,44.11464260010494,0,6,10,3,1,0
2024-03-10 01:00:00,44.78136540600786,67.26604880199733,73.92969617316966,1,6,10,3,1,0
2024-03-10 02:00:00,28.168154992246166,60.687853897004494,58.60558855877733,2,6,10,3,1,0
2024-03-10 03:00:00,31.163610757117223,53.890443678714206,53.231462467017124,3,6,10,3,1,0
2024-03-10 04:00:00,40.97256408463558,58.507533164555106,49.39130661507403,4,6,10,3,1,0
2024-03-10 05:00:00,29.268036966174417,56.44333632531453,74.53641874144277,5,6,10,3,1,0
2024-03-10 06:00:00,44.12383836160659,50.30060041058575,62.619727724337004,6,6,10,3,1,0
2024-03-10 07:00:00,37.47597515201751,65.50388307345703,90.99994888841285,7,6,10,3,1,0
2024-03-10 08:00:00,41.59245622577249,61.94621460550154,88.86775771673854,8,6,10,3,1,0
2024-03-10 09:00:00,35.81846888147466,69.29389549119281,75.32580413657121,9,6,10,3,1,1
2024-03-10 10:00:00,45.681675597071205,67.84987986757703,79.6802544015875,10,6,10,3,1,1
2024-03-10 11:00:00,21.070912232794214,61.687171752223385,54.80059791974262,11,6,10,3,1,1
2024-03-10 12:00:00,54.64795613237453,65.30752863879738,181.71022543592247,12,6,10,3,1,1
2024-03-10 13:00:00,51.21925882211609,70.63565441671176,83.52445080300137,13,6,10,3,1,1
2024-03-10 14:00:00,37.4086678334013,63.08996485617864,99.5082659995656,14,6,10,3,1,1
2024-03-10 15:00:00,58.97890558332446,57.19386149737201,105.82670764360168,15,6,10,3,1,1
2024-03-10 16:00:00,54.084961177463555,66.43838924530594,93.48103234020024,16,6,10,3,1,1
2024-03-10 17:00:00,36.14965190070693,66.80543890449754,98.10119053615668,17,6,10,3,1,1
2024-03-10 18:00:00,34.768178335487875,59.940160569170835,63.668663512083604,18,6,10,3,1,0
2024-03-10 19:00:00,30.547538857917978,62.337201813254886,48.66438637624627,19,6,10,3,1,0
2024-03-10 20:00:00,41.82003974685504,61.998553996077064,70.57726253812459,20,6,10,3,1,0
2024-03-10 21:00:00,34.43718906869056,60.50799727326514,83.2213629959615,21,6,10,3,1,0
2024-03-10 22:00:00,17.701960196641785,64.27961533727132,16.187294901408983,22,6,10,3,1,0
2024-03-10 23:00:00,32.450927631316254,53.445967457509425,56.232131425193856,23,6,10,3,1,0
2024-03-11 00:00:00,42.29090177739777,61.564316338792366,34.49059125522933,0,0,11,3,0,0
2024-03-11 01:00:00,35.84603033017184,62.076071385068786,48.978851797909364,1,0,11,3,0,0
2024-03-11 02:00:00,39.347835029360745,54.63538464073371,62.8294662235197,2,0,11,3,0,0
2024-03-11 03:00:00,36.59848346974971,53.605654863256525,84.12100870759093,3,0,11,3,0,0
2024-03-11 04:00:00,40.85993682223842,56.65666062702364,60.70948114693092,4,0,11,3,0,0
2024-03-11 05:00:00,37.30978930260019,57.01734418751611,70.42003686177877,5,0,11,3,0,0
2024-03-11 06:00:00,44.018328531234204,62.7000582989275,194.42837137517864,6,0,11,3,0,0
2024-03-11 07:00:00,45.74697899421321,57.25088613841957,79.80832522623376,7,0,11,3,0,0
2024-03-11 08:00:00,87.13115244202858,56.30609905272885,97.33767525956691,8,0,11,3,0,0
2024-03-11 09:00:00,59.816946563139865,65.30720174485091,112.30334875938237,9,0,11,3,0,1
2024-03-11 10:00:00,47.384652319822116,72.25030200103669,130.4953496078955,10,0,11,3,0,1
2024-03-11 11:00:00,55.619844148150904,67.84977524083276,150.20411866583493,11,0,11,3,0,1
2024-03-11 12:00:00,57.67341133795918,67.10222053118838,133.2503364624651,12,0,11,3,0,1
2024-03-11 13:00:00,53.75792760940201,67.40062004691518,134.43498327223,13,0,11,3,0,1
2024-03-11 14:00:00,39.737539536980876,73.03009602250438,125.47710556345979,14,0,11,3,0,1
2024-03-11 15:00:00,48.11691991376399,64.8861763763222,107.7334139770986,15,0,11,3,0,1
2024-03-11 16:00:00,51.69115573262685,73.16570172287396,227.09988575480565,16,0,11,3,0,1
2024-03-11 17:00:00,70.10150125872153,68.76625643988605,143.45195998049851,17,0,11,3,0,1
2024-03-11 18:00:00,48.888290315341095,59.30299454502454,196.33487196174812,18,0,11,3,0,0
2024-03-11 19:00:00,,,73.0704822843119,19,0,11,3,0,0
2024-03-11 20:00:00,44.25091049008663,55.76231316704052,63.83200667090919,20,0,11,3,0,0
2024-03-11 21:00:00,55.60637318033752,58.58992780757049,79.64585650144193,21,0,11,3,0,0
2024-03-11 22:00:00,30.33120538923196,55.09454674242928,57.24689516975302,22,0,11,3,0,0
2024-03-11 23:00:00,43.307030808154536,63.85352232809697,58.27573602762236,23,0,11,3,0,0
2024-03-12 00:00:00,22.845231396185262,66.819635585976,58.468454116628415,0,1,12,3,0,0
2024-03-12 01:00:00,12.34275521511545,66.76157981081808,60.563296149908446,1,1,12,3,0,0
2024-03-12 02:00:00,44.602093997910636,64.99649673480457,66.84533959699044,2,1,12,3,0,0
2024-03-12 03:00:00,31.29470910331681,59.32883787092092,54.49388030972725,3,1,12,3,0,0
2024-03-12 04:00:00,20.042066402436635,58.676779619440744,46.551216890292125,4,1,12,3,0,0
2024-03-12 05:00:00,31.891833798535927,53.47129478353399,68.60171240033098,5,1,12,3,0,0
2024-03-12 06:00:00,46.523391119400465,68.31750570940204,103.84466347710647,6,1,12,3,0,0
2024-03-12 07:00:00,78.59374977028028,62.067769726543844,82.19054090156551,7,1,12,3,0,0
2024-03-12 08:00:00,25.093381172696084,58.24168459370981,120.8177233410714,8,1,12,3,0,0
2024-03-12 09:00:00,49.73401270132921,73.5392043309644,153.14210160654522,9,1,12,3,0,1
2024-03-12 10:00:00,55.471873772716776,64.35319384578052,114.0147595327065,10,1,12,3,0,1
2024-03-12 11:00:00,58.57498000642158,69.88782658161037,104.74401148578927,11,1,12,3,0,1
2024-03-12 12:00:00,47.298139477723105,67.58772065638556,127.87506052191635,12,1,12,3,0,1
2024-03-12 13:00:00,53.34710976243163,70.84965754635897,134.53484350522413,13,1,12,3,0,1
2024-03-12 14:00:00,50.307749843488516,68.05718050004526,160.53297185079393,14,1,12,3,0,1
2024-03-12 15:00:00,56.793731234326344,62.52410347581642,159.8814161124618,15,1,12,3,0,1
2024-03-12 16:00:00,64.27259251964718,68.64627646942128,140.4585706958547,16,1,12,3,0,1
2024-03-12 17:00:00,52.30996209055142,72.55539988583043,124.78712586221712,17,1,12,3,0,1
2024-03-12 18:00:00,34.026610422156274,60.25886728629866,108.2467108091562,18,1,12,3,0,0
2024-03-12 19:00:00,39.32447198057963,63.49180109451275,92.33267405645341,19,1,12,3,0,0
2024-03-12 20:00:00,58.87949260669447,56.22464933076397,71.05702869407733,20,1,12,3,0,0
2024-03-12 21:00:00,38.14582324938566,60.31697059687805,71.55710623173921,21,1,12,3,0,0
2024-03-12 22:00:00,,,54.88360601787588,22,1,12,3,0,0
2024-03-12 23:00:00,31.83455430594989,63.439893096777006,75.32944732590005,23,1,12,3,0,0
2024-03-13 00:00:00,34.252905128800414,60.59264720640676,45.14065164934114,0,2,13,3,0,0
2024-03-13 01:00:00,30.765343100413034,63.241510217049985,54.85212646969932,1,2,13,3,0,0
2024-03-13 02:00:00,22.884237526553864,64.84641599065814,82.98570573881433,2,2,13,3,0,0
2024-03-13 03:00:00,37.57274569071391,63.276232471842604,66.30805058856104,3,2,13,3,0,0
2024-03-13 04:00:00,36.8021129379804,61.61624180027019,87.72163656158328,4,2,13,3,0,0
2024-03-13 05:00:00,40.541782040934876,56.544755826947586,68.10026702584712,5,2,13,3,0,0
2024-03-13 06:00:00,46.618630371382416,60.5401250264604,105.93251171382991,6,2,13,3,0,0
2024-03-13 07:00:00,58.05485519271287,58.43240118781958,85.14727579823314,7,2,13,3,0,0
2024-03-13 08:00:00,51.20124395227826,59.20182992710596,114.19467255889582,8,2,13,3,0,0
2024-03-13 09:00:00,59.42432068681887,67.09310265717099,140.9385542396613,9,2,13,3,0,1
2024-03-13 10:00:00,64.60425326779098,64.68452193666174,128.7524234209807,10,2,13,3,0,1
2024-03-13 11:00:00,56.122878958784376,60.78768724961677,150.66002544292513,11,2,13,3,0,1
2024-03-13 12:00:00,53.51323398245802,65.95712010751076,140.22451335502583,12,2,13,3,0,1
2024-03-13 13:00:00,57.47999186532444,69.41569506122534,130.21162534379687,13,2,13,3,0,1
2024-03-13 14:00:00,39.391185087691,63.26178922043761,138.56418541905808,14,2,13,3,0,1
2024-03-13 15:00:00,56.14870349204128,68.72938263455929,117.78395768510214,15,2,13,3,0,1
2024-03-13 16:00:00,54.24433028446398,76.27972075643903,148.30825905896847,16,2,13,3,0,1
2024-03-13 17:00:00,58.35687977619295,72.78270468488748,160.2033144197305,17,2,13,3,0,1
2024-03-13 18:00:00,53.33379731247081,67.27631489341783,67.15241303739228,18,2,13,3,0,0
2024-03-13 19:00:00,49.6683544240951,62.278170704335835,82.02882898292363,19,2,13,3,0,0
2024-03-13 20:00:00,39.34485945610121,65.39504973707145,180.83498313865556,20,2,13,3,0,0
2024-03-13 21:00:00,81.8444452721657,57.840344646843555,101.94510029623248,21,2,13,3,0,0
2024-03-13 22:00:00,48.19584715459137,58.169878469453984,63.73340953699885,22,2,13,3,0,0
2024-03-13 23:00:00,43.56488447983349,49.801558501156194,54.13265441620736,23,2,13,3,0,0
2024-03-14 00:00:00,24.654867649930818,65.51342580737963,56.280686890081654,0,3,14,3,0,0
2024-03-14 01:00:00,39.57912248940541,66.94071019521786,52.8004778077691,1,3,14,3,0,0
2024-03-14 02:00:00,25.70572924870109,58.57712242423946,69.87947929185765,2,3,14,3,0,0
2024-03-14 03:00:00,32.73488882604986,59.784289464261846,63.482917569634914,3,3,14,3,0,0
2024-03-14 04:00:00,38.11182983481747,57.79476146721706,55.57415715291537,4,3,14,3,0,0
2024-03-14 05:00:00,37.0117888715241,62.35078750508597,53.057155714284306,5,3,14,3,0,0
2024-03-14 06:00:00,,,110.96766460547248,6,3,14,3,0,0
2024-03-14 07:00:00,58.243256904706364,53.86856540062226,107.86759567410144,7,3,14,3,0,0
2024-03-14 08:00:00,48.92966132329597,62.48692605148662,100.06526707376655,8,3,14,3,0,0
2024-03-14 09:00:00,52.13576496202411,67.75185724581867,146.01996667088457,9,3,14,3,0,1
2024-03-14 10:00:00,69.72515129994166,69.32134909103385,111.18966021357225,10,3,14,3,0,1
2024-03-14 11:00:00,65.54641859882136,70.71283052634843,115.01595435631613,11,3,14,3,0,1
2024-03-14 12:00:00,54.286126766228406,68.13298458997942,113.51980939848423,12,3,14,3,0,1
2024-03-14 13:00:00,54.69943484016415,68.48024461230455,130.66854416333908,13,3,14,3,0,1
2024-03-14 14:00:00,55.33060505816495,68.0477479220594,146.5749580270662,14,3,14,3,0,1
2024-03-14 15:00:00,58.544017043579004,72.79302988485838,124.33703277160262,15,3,14,3,0,1
2024-03-14 16:00:00,58.78777519228183,70.59518235980532,148.86419668864977,16,3,14,3,0,1
2024-03-14 17:00:00,52.85887127280965,69.81071610855935,121.99821331336149,17,3,14,3,0,1
2024-03-14 18:00:00,44.207245598069846,55.85267755229175,88.5727781538402,18,3,14,3,0,0
2024-03-14 19:00:00,40.177434753728306,59.43013203103148,84.1728013984278,19,3,14,3,0,0
2024-03-14 20:00:00,39.33899284142379,64.54695935146987,87.432309453054,20,3,14,3,0,0
2024-03-14 21:00:00,39.30260908659165,61.11076690204892,89.00831409071989,21,3,14,3,0,0
2024-03-14 22:00:00,34.11467705154136,63.605671638111204,34.36160401196106,22,3,14,3,0,0
2024-03-14 23:00:00,27.826862181478333,68.04102642289693,65.87547024015709,23,3,14,3,0,0
2024-03-15 00:00:00,11.744094245426869,65.13670633604502,58.66195053462498,0,4,15,3,0,0
2024-03-15 01:00:00,32.00142354702555,61.36208869085052,84.15439470724306,1,4,15,3,0,0
2024-03-15 02:00:00,25.10058689421942,58.95254345399459,69.27102740895063,2,4,15,3,0,0
2024-03-15 03:00:00,35.87526777466376,50.78921913304196,65.197905274695,3,4,15,3,0,0
2024-03-15 04:00:00,30.147972894274083,60.33666887468743,83.06095096026435,4,4,15,3,0,0
2024-03-15 05:00:00,38.647233561365624,59.712824373671594,81.21165585910173,5,4,15,3,0,0
2024-03-15 06:00:00,35.765098654136125,62.5848807552804,114.96288082175849,6,4,15,3,0,0
2024-03-15 07:00:00,,,82.85906163333199,7,4,15,3,0,0
2024-03-15 08:00:00,44.22701063988088,59.75459081557682,173.18654539347762,8,4,15,3,0,0
2024-03-15 09:00:00,51.67226457642113,61.92471096827887,104.42836383657934,9,4,15,3,0,1
2024-03-15 10:00:00,44.462944640427324,65.28849120327361,145.78820966102123,10,4,15,3,0,1
2024-03-15 11:00:00,61.208223310747805,70.96090380382651,102.35594640628486,11,4,15,3,0,1
2024-03-15 12:00:00,46.9822638485862,75.92374967865949,133.70907178163134,12,4,15,3,0,1
2024-03-15 13:00:00,48.98051810117572,68.6757206299145,143.29869239136474,13,4,15,3,0,1
2024-03-15 14:00:00,62.80249966782383,70.38265407464806,108.23160551648263,14,4,15,3,0,1
2024-03-15 15:00:00,59.12502470755165,72.88679573861093,116.13597396107393,15,4,15,3,0,1
2024-03-15 16:00:00,46.17064137175704,65.83866752460486,148.19768782587386,16,4,15,3,0,1
2024-03-15 17:00:00,52.35368620537954,70.5547475453055,137.9933758034056,17,4,15,3,0,1
2024-03-15 18:00:00,35.42569082858951,58.13066811253977,108.09803585181453,18,4,15,3,0,0
2024-03-15 19:00:00,52.149581515112885,64.55695364205248,194.0357903952356,19,4,15,3,0,0
2024-03-15 20:00:00,52.143630960870155,61.70818673894462,76.49759658189505,20,4,15,3,0,0
2024-03-15 21:00:00,59.6369616137287,62.30119289797313,83.79826944792308,21,4,15,3,0,0
2024-03-15 22:00:00,53.25321469231074,57.981695912863366,74.08435767352277,22,4,15,3,0,0
2024-03-15 23:00:00,30.058866584530428,63.944819099433055,37.05338879835996,23,4,15,3,0,0
2024-03-16 00:00:00,38.70169623089065,69.46003653734164,46.626833792896434,0,5,16,3,1,0
2024-03-16 01:00:00,17.93479833553133,57.09393023272574,44.594270779533886,1,5,16,3,1,0
2024-03-16 02:00:00,34.48140429463931,59.77083125665638,53.20867337998852,2,5,16,3,1,0
2024-03-16 03:00:00,36.403558913473375,62.06048671025445,63.80218472927611,3,5,16,3,1,0
2024-03-16 04:00:00,25.381468954089623,64.28377158668813,71.65500955185506,4,5,16,3,1,0
2024-03-16 05:00:00,27.584038892331748,58.903953069206416,34.31299044827175,5,5,16,3,1,0
2024-03-16 06:00:00,46.20318870716051,49.81391121820022,53.42457179998789,6,5,16,3,1,0
2024-03-16 07:00:00,42.60980255454807,66.586588373225,47.81014301065029,7,5,16,3,1,0
2024-03-16 08:00:00,52.3377928924091,64.1955578971412,65.79745133110535,8,5,16,3,1,0
2024-03-16 09:00:00,57.18590897369806,62.1853524809537,65.39900518405824,9,5,16,3,1,1
2024-03-16 10:00:00,31.74701433857781,66.73038394150589,87.75182522281324,10,5,16,3,1,1
2024-03-16 11:00:00,40.80441490989878,75.43681381617012,67.1336329700258,11,5,16,3,1,1
2024-03-16 12:00:00,36.598874083182835,74.95860440941476,101.94691547807614,12,5,16,3,1,1
2024-03-16 13:00:00,51.05996119469988,72.92522427853896,56.86629325563858,13,5,16,3,1,1
2024-03-16 14:00:00,47.27000818929201,68.46937188780228,69.90220251315158,14,5,16,3,1,1
2024-03-16 15:00:00,67.09701327279402,69.50884188935069,107.15800764949145,15,5,16,3,1,1
2024-03-16 16:00:00,38.225192270997084,68.65617391192816,85.28607343806503,16,5,16,3,1,1
2024-03-16 17:00:00,54.996951242373335,73.69573668708777,74.86911636678187,17,5,16,3,1,1
2024-03-16 18:00:00,65.65672363387287,57.68222503034648,107.52560408438914,18,5,16,3,1,0
2024-03-16 19:00:00,22.793537015108985,57.965130999409304,62.22672149723795,19,5,16,3,1,0
2024-03-16 20:00:00,30.43318065052449,65.23208197083758,75.16606357665856,20,5,16,3,1,0
2024-03-16 21:00:00,54.29135269711779,61.01611203157027,54.50300353470318,21,5,16,3,1,0
2024-03-16 22:00:00,41.05955178556159,66.70992291677214,40.003213669707876,22,5,16,3,1,0
2024-03-16 23:00:00,22.960618655981662,58.512422907198996,64.10209194237346,23,5,16,3,1,0
2024-03-17 00:00:00,34.47768379824867,60.98170032229555,80.80859946907003,0,6,17,3,1,0
2024-03-17 01:00:00,40.50332430008524,57.513428832616896,47.490143066760645,1,6,17,3,1,0
2024-03-17 02:00:00,19.651205928974438,61.234724679163335,38.984856832757785,2,6,17,3,1,0
2024-03-17 03:00:00,41.469828239071035,55.29320675525274,69.49784796544722,3,6,17,3,1,0
2024-03-17 04:00:00,36.53045721359397,59.258909934493175,147.63102750966786,4,6,17,3,1,0
2024-03-17 05:00:00,27.13475042312003,55.46640703772151,59.96456252664419,5,6,17,3,1,0
2024-03-17 06:00:00,43.82598000457115,63.98902527390136,59.05895028005493,6,6,17,3,1,0
2024-03-17 07:00:00,41.3852677279242,64.08153171071008,61.394274886123476,7,6,17,3,1,0
2024-03-17 08:00:00,41.94095872167769,54.29589881104925,53.350525330725716,8,6,17,3,1,0
2024-03-17 09:00:00,76.1847153583862,74.55420267269706,92.53045485500989,9,6,17,3,1,1
2024-03-17 10:00:00,37.95145330670966,79.20996593772382,88.42529370657174,10,6,17,3,1,1
2024-03-17 11:00:00,39.30223389080759,69.40591371283489,87.87743061574153,11,6,17,3,1,1
2024-03-17 12:00:00,43.09511650950357,66.65895206176066,71.91409623510246,12,6,17,3,1,1
2024-03-17 13:00:00,45.36802197802619,80.52219181833979,87.04749683231351,13,6,17,3,1,1
2024-03-17 14:00:00,50.32333458953423,63.95039644117327,111.29589543309845,14,6,17,3,1,1
2024-03-17 15:00:00,60.52973949170999,69.30803912527568,67.07715471298688,15,6,17,3,1,1
2024-03-17 16:00:00,46.85156738020458,69.94738823153017,70.60296802018337,16,6,17,3,1,1
2024-03-17 17:00:00,50.171916301806164,74.61071978365287,71.34976835662671,17,6,17,3,1,1
2024-03-17 18:00:00,46.05126023138857,62.6702608600721,67.94997338702393,18,6,17,3,1,0
2024-03-17 19:00:00,74.76908290036465,59.23789175161991,50.054455907194225,19,6,17,3,1,0
2024-03-17 20:00:00,31.6698071954902,57.42876016785573,74.01520820180676,20,6,17,3,1,0
2024-03-17 21:00:00,79.84354240884397,59.86722984572155,39.47376861542891,21,6,17,3,1,0
2024-03-17 22:00:00,42.36158967357283,57.20777754739922,66.45242058519457,22,6,17,3,1,0
2024-03-17 23:00:00,34.074371977982345,61.42770974771829,59.592633729837374,23,6,17,3,1,0
2024-03-18 00:00:00,28.106375437949936,58.98049806642389,88.85270231405181,0,0,18,3,0,0
2024-03-18 01:00:00,35.240251833312655,55.261959998019165,145.70439304952725,1,0,18,3,0,0
2024-03-18 02:00:00,22.508054220465127,66.25947800730395,76.17188093692158,2,0,18,3,0,0
2024-03-18 03:00:00,47.027358627431994,59.24894497043357,58.70674352988821,3,0,18,3,0,0
2024-03-18 04:00:00,29.978128751323954,56.16778581380528,55.72815885726907,4,0,18,3,0,0
2024-03-18 05:00:00,32.69568900862339,60.56795345707275,45.04102563047377,5,0,18,3,0,0
2024-03-18 06:00:00,56.34825076118429,61.515093445542945,83.2663741903049,6,0,18,3,0,0
2024-03-18 07:00:00,25.097530747719365,54.25631892590629,83.90834464464895,7,0,18,3,0,0
2024-03-18 08:00:00,55.2157230887055,62.56931783870762,68.31722778382016,8,0,18,3,0,0
2024-03-18 09:00:00,57.70418784881367,65.05460216932153,135.4287140609579,9,0,18,3,0,1
2024-03-18 10:00:00,68.41114421766562,76.08781812398524,133.3790458302257,10,0,18,3,0,1
2024-03-18 11:00:00,,71.33998178616632,139.1014322530961,11,0,18,3,0,1
2024-03-18 12:00:00,57.70842301028731,67.64494427463336,121.38269941875586,12,0,18,3,0,1
2024-03-18 13:00:00,47.49659538770881,66.26424653747142,143.0755387839822,13,0,18,3,0,1
2024-03-18 14:00:00,63.80657118738084,68.82539029927827,150.87186950433914,14,0,18,3,0,1
2024-03-18 15:00:00,63.49096771898507,71.6967389751893,126.81633535240104,15,0,18,3,0,1
2024-03-18 16:00:00,69.08950499893899,69.14388698449555,115.98109157652293,16,0,18,3,0,1
2024-03-18 17:00:00,54.997490619105804,68.37748961373615,131.16378084229586,17,0,18,3,0,1
2024-03-18 18:00:00,61.68837639629691,61.47984244593319,90.46595139598398,18,0,18,3,0,0
2024-03-18 19:00:00,36.881924054513185,58.83113833910903,87.57349078251497,19,0,18,3,0,0
2024-03-18 20:00:00,44.56876120795409,59.873940723775064,99.1385824633463,20,0,18,3,0,0
2024-03-18 21:00:00,37.14157135698149,52.90376387355086,85.02202707267031,21,0,18,3,0,0
2024-03-18 22:00:00,36.56905167219126,65.14198782730482,44.89207518709532,22,0,18,3,0,0
2024-03-18 23:00:00,27.767453682112,62.442404622873156,62.52345811775542,23,0,18,3,0,0
2024-03-19 00:00:00,73.83101874653006,58.15350329284194,69.90514581844022,0,1,19,3,0,0
2024-03-19 01:00:00,38.801341971963055,68.84236357865313,171.2131918867969,1,1,19,3,0,0
2024-03-19 02:00:00,26.262690938255282,61.59557162349806,54.07429721745649,2,1,19,3,0,0
2024-03-19 03:00:00,41.67801061059906,57.10299977511,164.63570252536053,3,1,19,3,0,0
2024-03-19 04:00:00,47.71871182544547,64.67457967064924,81.3593076831175,4,1,19,3,0,0
2024-03-19 05:00:00,39.592569767152014,62.83986758183479,81.20654472436888,5,1,19,3,0,0
2024-03-19 06:00:00,34.07340675667649,62.826029446917744,106.6636671710165,6,1,19,3,0,0
2024-03-19 07:00:00,43.80824552186162,59.54471318283814,67.48796977106738,7,1,19,3,0,0
2024-03-19 08:00:00,80.64863131052105,63.049737149645715,85.15386385984463,8,1,19,3,0,0
2024-03-19 09:00:00,53.058549785503736,68.20073355289485,150.03355683305134,9,1,19,3,0,1
2024-03-19 10:00:00,46.78904633867286,71.47154003545067,107.4125139200407,10,1,19,3,0,1
2024-03-19 11:00:00,64.8400045817532,61.62800023356482,229.25134650438258,11,1,19,3,0,1
2024-03-19 12:00:00,52.724922803147926,67.51228557398453,121.15126905625101,12,1,19,3,0,1
2024-03-19 13:00:00,67.7246565809428,76.13639999894481,134.9655835422582,13,1,19,3,0,1
2024-03-19 14:00:00,50.844829025390986,66.17951002343129,99.02702083474537,14,1,19,3,0,1
2024-03-19 15:00:00,52.27273698123136,66.83242819788134,148.3270702746505,15,1,19,3,0,1
2024-03-19 16:00:00,50.24950873545036,67.45594013233578,129.96642825288728,16,1,19,3,0,1
2024-03-19 17:00:00,53.67494871745894,64.3885688462176,113.98849100559251,17,1,19,3,0,1
2024-03-19 18:00:00,48.665344918309586,52.41468324365041,79.15247341755911,18,1,19,3,0,0
2024-03-19 19:00:00,37.16223020226555,60.32548001808833,95.49909370520707,19,1,19,3,0,0
2024-03-19 20:00:00,35.77334077435404,61.79129012647274,78.06423504719083,20,1,19,3,0,0
2024-03-19 21:00:00,31.501245223114317,61.03786777762575,116.19735947391932,21,1,19,3,0,0
2024-03-19 22:00:00,20.648860017056876,60.66841947840081,58.20511646290275,22,1,19,3,0,0
2024-03-19 23:00:00,24.156419975101684,61.42015418563921,182.71421103580724,23,1,19,3,0,0
2024-03-20 00:00:00,30.792962592838368,65.33942611469232,62.549618096239044,0,2,20,3,0,0
2024-03-20 01:00:00,36.42200085014425,60.48635880948954,70.52734560815016,1,2,20,3,0,0
2024-03-20 02:00:00,38.20385109205063,58.95191161595429,69.55362118504478,2,2,20,3,0,0
2024-03-20 03:00:00,36.04852148972679,60.12385464976594,52.87312082333095,3,2,20,3,0,0
2024-03-20 04:00:00,46.6074203862337,63.56587583440901,170.7285487583685,4,2,20,3,0,0
2024-03-20 05:00:00,49.457573149103084,66.8967473033595,154.09973312765692,5,2,20,3,0,0
2024-03-20 06:00:00,42.76151726098395,58.736235860277944,66.19217895482319,6,2,20,3,0,0
2024-03-20 07:00:00,37.28369764071847,61.64473827252357,86.89025855987633,7,2,20,3,0,0
2024-03-20 08:00:00,62.32044854245282,62.602647724480235,72.03063056489007,8,2,20,3,0,0
2024-03-20 09:00:00,64.52438875474877,65.279144531651,123.6014312075414,9,2,20,3,0,1
2024-03-20 10:00:00,63.84720339485847,69.3313888427818,129.47587749312052,10,2,20,3,0,1
2024-03-20 11:00:00,50.48842009553405,63.38731461686653,116.39010160941602,11,2,20,3,0,1
2024-03-20 12:00:00,61.893088995983554,62.17412620327366,138.38042924382728,12,2,20,3,0,1
2024-03-20 13:00:00,56.11248318922734,70.71765916355128,123.9304221993858,13,2,20,3,0,1
2024-03-20 14:00:00,54.40821709124498,67.71555066350935,111.63419089963068,14,2,20,3,0,1
2024-03-20 15:00:00,54.39467516539336,70.06057857986183,116.60840039085774,15,2,20,3,0,1
2024-03-20 16:00:00,59.044713934686996,69.18031682539664,131.61640083178816,16,2,20,3,0,1
2024-03-20 17:00:00,66.91290486662632,65.34677002533942,126.25159396281931,17,2,20,3,0,1
2024-03-20 18:00:00,63.17159796338237,61.071861439373514,94.3825324231099,18,2,20,3,0,0
2024-03-20 19:00:00,41.76482061452831,56.32101803236615,91.7226763541663,19,2,20,3,0,0
2024-03-20 20:00:00,46.56385385242633,66.81789470396662,75.33091746671042,20,2,20,3,0,0
2024-03-20 21:00:00,44.20923839008555,55.83074456184428,80.81365663648698,21,2,20,3,0,0
2024-03-20 22:00:00,38.487803116000364,60.47214541100132,72.9413188792903,22,2,20,3,0,0
2024-03-20 23:00:00,14.742031318242518,57.08690181403012,47.548942573061446,23,2,20,3,0,0
2024-03-21 00:00:00,33.22020082577388,63.53841688121339,83.13820817061176,0,3,21,3,0,0
2024-03-21 01:00:00,51.37489756575646,59.931794305799784,38.701842535936066,1,3,21,3,0,0
2024-03-21 02:00:00,29.600527849675583,59.18368532750843,72.40257946063672,2,3,21,3,0,0
2024-03-21 03:00:00,31.775392087479755,64.67203684236587,58.439861584129574,3,3,21,3,0,0
2024-03-21 04:00:00,30.599077736507688,61.37787875417124,45.417566730850126,4,3,21,3,0,0
2024-03-21 05:00:00,33.8237966125532,63.32770839249553,61.19369319834841,5,3,21,3,0,0
2024-03-21 06:00:00,34.6589972227819,57.33685080560363,77.99665896900144,6,3,21,3,0,0
2024-03-21 07:00:00,70.74265149498248,55.64396166491539,81.70960569324754,7,3,21,3,0,0
2024-03-21 08:00:00,48.406749269038635,61.69318834689315,84.27553356880183,8,3,21,3,0,0
2024-03-21 09:00:00,58.34564604710378,67.9901515258372,141.10188496157866,9,3,21,3,0,1
2024-03-21 10:00:00,57.020550767972985,71.77251069817794,120.61340434402335,10,3,21,3,0,1
2024-03-21 11:00:00,66.07625638075125,68.9484290888415,133.44886518126907,11,3,21,3,0,1
2024-03-21 12:00:00,58.732362491601016,70.08971219586837,141.72037179709773,12,3,21,3,0,1
2024-03-21 13:00:00,65.76980604962199,62.77728692321071,130.78559153091354,13,3,21,3,0,1
2024-03-21 14:00:00,73.17947776357505,76.82603048492854,135.71866982743148,14,3,21,3,0,1
2024-03-21 15:00:00,62.11229697823914,68.61684116264459,129.39090652482204,15,3,21,3,0,1
2024-03-21 16:00:00,44.6935390602917,72.06574526507421,138.05211203837356,16,3,21,3,0,1
2024-03-21 17:00:00,57.341723857134824,65.9326820987175,111.25652632113992,17,3,21,3,0,1
2024-03-21 18:00:00,46.12786159689648,62.510804107990495,111.50450413226817,18,3,21,3,0,0
2024-03-21 19:00:00,57.70901542434876,56.06916669529825,62.10505439175302,19,3,21,3,0,0
2024-03-21 20:00:00,44.10792938285645,63.090665088929256,79.72781835391656,20,3,21,3,0,0
2024-03-21 21:00:00,38.560268153179514,59.86041332485563,88.58596393852649,21,3,21,3,0,0
2024-03-21 22:00:00,31.178835339167957,61.403056746764015,32.12562767662339,22,3,21,3,0,0
2024-03-21 23:00:00,24.95891702421284,64.08024626265012,52.38458807415434,23,3,21,3,0,0
2024-03-22 00:00:00,11.564410479981856,56.360315849453976,64.07525376750046,0,4,22,3,0,0
2024-03-22 01:00:00,51.42377619601331,58.55470986201039,83.86193613256879,1,4,22,3,0,0
2024-03-22 02:00:00,35.150552397924784,63.12424753186147,68.75755622308588,2,4,22,3,0,0
2024-03-22 03:00:00,25.626765221459507,69.69018505483754,53.47127704492247,3,4,22,3,0,0
2024-03-22 04:00:00,48.565783022486926,60.74739488450284,37.61846974281954,4,4,22,3,0,0
2024-03-22 05:00:00,50.17830955818489,63.666771268075685,79.42810609004466,5,4,22,3,0,0
2024-03-22 06:00:00,46.40229423147139,60.87692218434334,82.79678348801401,6,4,22,3,0,0
2024-03-22 07:00:00,64.30619648899255,69.07645158983176,94.03276179601488,7,4,22,3,0,0
2024-03-22 08:00:00,41.36361825005245,54.32132475307571,83.51010729905111,8,4,22,3,0,0
2024-03-22 09:00:00,53.250773780519715,69.69152005428745,135.88684027705781,9,4,22,3,0,1
2024-03-22 10:00:00,55.41806792397986,62.81376761996437,148.6424033999024,10,4,22,3,0,1
2024-03-22 11:00:00,46.51515946882719,59.29264995189824,140.9075198333815,11,4,22,3,0,1
2024-03-22 12:00:00,62.8225243974896,70.51186270276432,125.98351721912732,12,4,22,3,0,1
2024-03-22 13:00:00,68.1548244652774,69.88317088058741,149.8405482998347,13,4,22,3,0,1
2024-03-22 14:00:00,64.2287227465354,68.18908527105734,157.72060287656274,14,4,22,3,0,1
2024-03-22 15:00:00,66.09079517810275,68.90699927688411,144.86066269936128,15,4,22,3,0,1
2024-03-22 16:00:00,52.10951550426168,81.72840644376575,123.94444849003139,16,4,22,3,0,1
2024-03-22 17:00:00,54.48652670968944,68.30603284538404,142.43723552589313,17,4,22,3,0,1
2024-03-22 18:00:00,57.24156159090681,63.38284831401088,104.68889616430444,18,4,22,3,0,0
2024-03-22 19:00:00,50.319417298413924,58.74860300308845,86.25516692671621,19,4,22,3,0,0
2024-03-22 20:00:00,42.38386145912183,62.53079909248459,117.71800493553155,20,4,22,3,0,0
2024-03-22 21:00:00,43.292345765196494,60.40083685595759,107.85794465576515,21,4,22,3,0,0
2024-03-22 22:00:00,39.091996602894895,59.71569779462719,56.98972172437006,22,4,22,3,0,0
2024-03-22 23:00:00,50.48123232048184,68.63746457921499,53.929562147050106,23,4,22,3,0,0
2024-03-23 00:00:00,31.534796231573644,66.07480873104967,68.30640383717031,0,5,23,3,1,0
2024-03-23 01:00:00,30.14661492656103,61.91735474387577,86.57704001094902,1,5,23,3,1,0
2024-03-23 02:00:00,33.36178167199986,52.15792167705321,36.16588322919977,2,5,23,3,1,0
2024-03-23 03:00:00,33.409583215048684,59.93523692491863,60.62640974474219,3,5,23,3,1,0
2024-03-23 04:00:00,35.58379602894134,72.1959927405864,66.13887942184948,4,5,23,3,1,0
2024-03-23 05:00:00,32.511968225156934,60.46594988416274,72.48492907821996,5,5,23,3,1,0
2024-03-23 06:00:00,48.766570390504384,65.80628744155601,78.30215391184589,6,5,23,3,1,0
2024-03-23 07:00:00,31.985809750305243,67.16611502811841,58.98391974212127,7,5,23,3,1,0
2024-03-23 08:00:00,42.47816051645513,62.2792381418364,46.6574989541403,8,5,23,3,1,0
2024-03-23 09:00:00,48.803445460212984,66.04124292425345,77.47630288313343,9,5,23,3,1,1
2024-03-23 10:00:00,38.635543456472945,59.672538134440416,93.74733484019762,10,5,23,3,1,1
2024-03-23 11:00:00,48.3951515028881,72.15581046093352,73.46684537203947,11,5,23,3,1,1
2024-03-23 12:00:00,49.021958459926516,66.16561705095259,103.12929240168879,12,5,23,3,1,1
2024-03-23 13:00:00,25.05383343735938,70.13484068928179,80.11380553756341,13,5,23,3,1,1
2024-03-23 14:00:00,37.274681571814334,64.43667083664513,72.58689995883891,14,5,23,3,1,1
2024-03-23 15:00:00,58.03333091920756,68.38083194734557,51.19770177016167,15,5,23,3,1,1
2024-03-23 16:00:00,40.34574373286357,69.58260594825643,90.3373904136269,16,5,23,3,1,1
2024-03-23 17:00:00,35.60896028472822,70.52817047876448,78.60208791425742,17,5,23,3,1,1
2024-03-23 18:00:00,24.34654202235179,57.000693735959075,59.54358451798926,18,5,23,3,1,0
2024-03-23 19:00:00,30.589520706885246,66.25393361138136,96.12709516472549,19,5,23,3,1,0
2024-03-23 20:00:00,38.17255020567773,59.08514010087552,57.38097212724914,20,5,23,3,1,0
2024-03-23 21:00:00,29.087578379786862,54.781394003220235,60.96332073389367,21,5,23,3,1,0
2024-03-23 22:00:00,68.43157590209786,61.049855038354174,62.568363153543594,22,5,23,3,1,0
2024-03-23 23:00:00,26.50078120850064,61.630252178509565,74.85965393924936,23,5,23,3,1,0
2024-03-24 00:00:00,35.646810436924625,62.142037330249494,61.05020491869992,0,6,24,3,1,0
2024-03-24 01:00:00,44.60801150505069,66.95526537520594,55.55072994318142,1,6,24,3,1,0
2024-03-24 02:00:00,44.0119716001563,60.56812515776346,186.34524447593947,2,6,24,3,1,0
2024-03-24 03:00:00,35.50505712010524,61.04275640319036,148.2895806430736,3,6,24,3,1,0
2024-03-24 04:00:00,24.10735800389159,57.11594249054677,48.36024630972201,4,6,24,3,1,0
2024-03-24 05:00:00,32.713395370348294,64.81847092456951,45.58366303528504,5,6,24,3,1,0
2024-03-24 06:00:00,41.77367982083936,62.2812029101695,72.07553078783569,6,6,24,3,1,0
2024-03-24 07:00:00,89.09245241267539,59.871699386074326,53.31671735468079,7,6,24,3,1,0
2024-03-24 08:00:00,24.279378043953976,28.941090117244446,49.76973322437096,8,6,24,3,1,0
2024-03-24 09:00:00,74.74175511160423,50.34555227217636,76.91996419174363,9,6,24,3,1,1
2024-03-24 10:00:00,50.124343480598185,39.665435287108686,59.01102648103357,10,6,24,3,1,1
2024-03-24 11:00:00,45.98462561324945,42.219432856264646,86.03959284343507,11,6,24,3,1,1
2024-03-24 12:00:00,46.86229394352131,46.02645182294586,88.11534605255765,12,6,24,3,1,1
2024-03-24 13:00:00,38.94588818387259,39.81551112193696,90.71499309942539,13,6,24,3,1,1
2024-03-24 14:00:00,52.66708655873634,38.636513987287906,95.1490881976327,14,6,24,3,1,1
2024-03-24 15:00:00,75.41328781480864,36.123715269270754,77.32321640115963,15,6,24,3,1,1
2024-03-24 16:00:00,46.83259750564562,47.51258917353045,100.78519543447013,16,6,24,3,1,1
2024-03-24 17:00:00,53.594544101724495,42.45709642950245,99.04683361487268,17,6,24,3,1,1
2024-03-24 18:00:00,36.620142393009196,48.35630712846296,51.407581611255644,18,6,24,3,1,0
2024-03-24 19:00:00,49.49586990859157,32.679338165234256,65.43654735950713,19,6,24,3,1,0
2024-03-24 20:00:00,28.839511290303744,32.98063333396255,33.03748492106955,20,6,24,3,1,0
2024-03-24 21:00:00,41.29564683441367,34.41469288521238,85.03070841864856,21,6,24,3,1,0
2024-03-24 22:00:00,26.47699497347103,37.6587800686534,66.85737582634933,22,6,24,3,1,0
2024-03-24 23:00:00,,34.81555511835425,76.86957894724134,23,6,24,3,1,0
2024-03-25 00:00:00,50.36294001715409,39.15597569537444,38.60026183784479,0,0,25,3,0,0
2024-03-25 01:00:00,25.21683984355549,32.80272397879033,67.48665760198412,1,0,25,3,0,0
2024-03-25 02:00:00,35.57002999928714,31.2012946870133,52.511285782580174,2,0,25,3,0,0
2024-03-25 03:00:00,24.651938998367235,29.545540933493367,31.90139832271272,3,0,25,3,0,0
2024-03-25 04:00:00,74.91667205153249,27.854996839322393,75.23088493012835,4,0,25,3,0,0
2024-03-25 05:00:00,31.83016257518592,34.68806732044899,42.422530492912124,5,0,25,3,0,0
2024-03-25 06:00:00,53.54703466955213,35.56762927714183,95.4367482239179,6,0,25,3,0,0
2024-03-25 07:00:00,79.83296711670815,34.2571677560547,182.3515907070155,7,0,25,3,0,0
2024-03-25 08:00:00,63.42911001683831,41.76806357078055,92.73255941568152,8,0,25,3,0,0
2024-03-25 09:00:00,43.164446214882204,49.718245875165714,143.37816451855412,9,0,25,3,0,1
2024-03-25 10:00:00,47.21296929578372,43.4787588381949,132.7744388101313,10,0,25,3,0,1
2024-03-25 11:00:00,93.05706669178528,37.6542941368375,166.0237549154553,11,0,25,3,0,1
2024-03-25 12:00:00,57.68915970420983,42.575328959213245,117.05215431749758,12,0,25,3,0,1
2024-03-25 13:00:00,53.18018992037274,42.455198563517,160.60200828995377,13,0,25,3,0,1
2024-03-25 14:00:00,71.39849676628741,42.238443925377794,125.52771210700149,14,0,25,3,0,1
2024-03-25 15:00:00,55.00546255165986,42.08877361926199,119.61902202002962,15,0,25,3,0,1
2024-03-25 16:00:00,48.76117643022689,42.2786298707424,128.97696204500997,16,0,25,3,0,1
2024-03-25 17:00:00,63.655878473999536,43.359314896451565,108.89920851160663,17,0,25,3,0,1
2024-03-25 18:00:00,45.27221928857786,34.376485483796074,80.83372406284923,18,0,25,3,0,0
2024-03-25 19:00:00,45.89098081472042,37.76527796597618,86.38913544016424,19,0,25,3,0,0
2024-03-25 20:00:00,50.54284604654249,38.386971297455396,93.9672252742706,20,0,25,3,0,0
2024-03-25 21:00:00,50.87710036367464,33.31659594970027,90.95553539648657,21,0,25,3,0,0
2024-03-25 22:00:00,27.113569530657387,42.05728973728629,67.52850350551007,22,0,25,3,0,0
2024-03-25 23:00:00,32.726759216569626,33.06680453465201,59.56775097617065,23,0,25,3,0,0
2024-03-26 00:00:00,24.017124388151487,30.530050668803227,76.85140930643642,0,1,26,3,0,0
2024-03-26 01:00:00,37.811839202817616,38.53873975988226,70.15491146062581,1,1,26,3,0,0
2024-03-26 02:00:00,50.182136133967816,33.76054514606895,66.30402793584842,2,1,26,3,0,0
2024-03-26 03:00:00,27.41685826184811,38.3300705212498,79.57444033185628,3,1,26,3,0,0
2024-03-26 04:00:00,22.657587878322833,27.44513481532606,79.57252144978995,4,1,26,3,0,0
2024-03-26 05:00:00,29.93795976091969,42.64471607156601,62.02764362014004,5,1,26,3,0,0
2024-03-26 06:00:00,43.11224010231223,39.779328401019555,84.82525257064398,6,1,26,3,0,0
2024-03-26 07:00:00,50.953485682520274,31.10369128118542,93.40543290583418,7,1,26,3,0,0
2024-03-26 08:00:00,,31.20611280111749,88.29617829568424,8,1,26,3,0,0
2024-03-26 09:00:00,57.96048892215164,51.82609070064645,124.2612423591635,9,1,26,3,0,1
2024-03-26 10:00:00,51.024543799056175,42.20349608196022,132.8066065018764,10,1,26,3,0,1
2024-03-26 11:00:00,53.53944820496367,41.8324485869422,135.8263692051626,11,1,26,3,0,1
2024-03-26 12:00:00,48.51199309096924,36.12133641111227,139.3838695375984,12,1,26,3,0,1
2024-03-26 13:00:00,46.087628398704055,43.798974132134006,152.2696279281476,13,1,26,3,0,1
2024-03-26 14:00:00,,,134.25866588104572,14,1,26,3,0,1
2024-03-26 15:00:00,51.55099544339921,48.09770309938366,129.89405643173757,15,1,26,3,0,1
2024-03-26 16:00:00,58.55819046265276,39.656520249405084,144.815927738869,16,1,26,3,0,1
2024-03-26 17:00:00,48.394770537582865,39.188978721775676,118.36590457843596,17,1,26,3,0,1
2024-03-26 18:00:00,45.05742773526354,39.09145785489711,61.755248299924105,18,1,26,3,0,0
2024-03-26 19:00:00,28.308178733031323,41.33219933517316,67.1460328399775,19,1,26,3,0,0
2024-03-26 20:00:00,42.11968584994414,31.038532497892646,97.27101971953385,20,1,26,3,0,0
2024-03-26 21:00:00,39.17538321715743,41.66725302071503,85.47302259905621,21,1,26,3,0,0
2024-03-26 22:00:00,44.54188132333132,37.50961153429685,56.53820771845917,22,1,26,3,0,0
2024-03-26 23:00:00,24.937054752728898,41.74510653097429,48.04519996779184,23,1,26,3,0,0
2024-03-27 00:00:00,33.862827704475635,37.11563903739722,78.0536708180019,0,2,27,3,0,0
2024-03-27 01:00:00,37.70949854337352,27.326239208889344,37.66073603339673,1,2,27,3,0,0
2024-03-27 02:00:00,43.23565985278686,36.82650761077041,68.80586301891803,2,2,27,3,0,0
2024-03-27 03:00:00,41.9785230402276,41.69417531607491,60.09822986706809,3,2,27,3,0,0
2024-03-27 04:00:00,34.48249115973985,33.89803627599794,83.36858148477535,4,2,27,3,0,0
2024-03-27 05:00:00,35.58299278412412,35.94077896172428,74.88942154469144,5,2,27,3,0,0
2024-03-27 06:00:00,54.53365997685652,36.80792224178608,74.29617374839641,6,2,27,3,0,0
2024-03-27 07:00:00,44.330256321206306,25.934417843329555,100.16954956344793,7,2,27,3,0,0
2024-03-27 08:00:00,46.42955773448381,44.23808120911524,96.82056594625162,8,2,27,3,0,0
2024-03-27 09:00:00,64.83371827437641,41.96760691464665,129.00751098180348,9,2,27,3,0,1
2024-03-27 10:00:00,74.88151933343113,47.61667201283505,138.92281560095867,10,2,27,3,0,1
2024-03-27 11:00:00,57.11820248782384,45.26774904338024,120.80182161286005,11,2,27,3,0,1
2024-03-27 12:00:00,59.2668739576436,50.66605650417631,131.54617332296272,12,2,27,3,0,1
2024-03-27 13:00:00,61.71574803614724,47.28103556928482,130.35970028523388,13,2,27,3,0,1
2024-03-27 14:00:00,64.74555769403405,44.738549623618475,118.74059767034866,14,2,27,3,0,1
2024-03-27 15:00:00,63.4589464430258,42.125827513159194,125.50675883201211,15,2,27,3,0,1
2024-03-27 16:00:00,50.42603166435151,48.913138114672016,123.06200550529931,16,2,27,3,0,1
2024-03-27 17:00:00,57.66086008259358,38.25002447541827,135.8151981854927,17,2,27,3,0,1
2024-03-27 18:00:00,53.52137572571509,40.34961340925868,109.04419893899764,18,2,27,3,0,0
2024-03-27 19:00:00,56.620933963889435,33.39234310712673,71.32274136059871,19,2,27,3,0,0
2024-03-27 20:00:00,43.87699952875731,42.820336182875565,96.27771838735582,20,2,27,3,0,0
2024-03-27 21:00:00,47.46090134551357,38.47928884692727,82.5502342180763,21,2,27,3,0,0
2024-03-27 22:00:00,38.39253489214761,40.433685286199186,73.84567240840143,22,2,27,3,0,0
2024-03-27 23:00:00,35.315576385925915,38.208456078424774,66.09141028273001,23,2,27,3,0,0
2024-03-28 00:00:00,37.24807400225445,30.894514787927378,38.09546347186166,0,3,28,3,0,0
2024-03-28 01:00:00,17.93923499076131,34.484841259253756,62.81912664649135,1,3,28,3,0,0
2024-03-28 02:00:00,60.944743756757866,40.64126306323271,58.230283580889335,2,3,28,3,0,0
2024-03-28 03:00:00,53.463330004928885,38.64249048909056,42.64505316503454,3,3,28,3,0,0
2024-03-28 04:00:00,33.548407446019866,42.72420270061083,52.73057153099878,4,3,28,3,0,0
2024-03-28 05:00:00,34.14930397974948,39.6379321847489,62.151264460222144,5,3,28,3,0,0
2024-03-28 06:00:00,,,83.13473157481383,6,3,28,3,0,0
2024-03-28 07:00:00,30.708996277162505,34.890406604085825,105.70069070663645,7,3,28,3,0,0
2024-03-28 08:00:00,48.97498872406078,38.51157234048422,88.10003958978506,8,3,28,3,0,0
2024-03-28 09:00:00,63.5581716398708,36.869183639791174,121.73325639939057,9,3,28,3,0,1
2024-03-28 10:00:00,61.86411356241716,52.844802687231855,132.9732599158123,10,3,28,3,0,1
2024-03-28 11:00:00,48.37442981627812,47.943916054864175,134.87889247344373,11,3,28,3,0,1
2024-03-28 12:00:00,61.34540550574942,51.11118078847879,143.9959990858148,12,3,28,3,0,1
2024-03-28 13:00:00,54.02354294302978,39.9069598514578,130.95312856841406,13,3,28,3,0,1
2024-03-28 14:00:00,52.035337900793735,51.234189985676906,71.16399622572487,14,3,28,3,0,1
2024-03-28 15:00:00,74.21562310447867,55.20869981923405,134.2568204175712,15,3,28,3,0,1
2024-03-28 16:00:00,49.28255458407654,41.02618726641474,125.46854438463092,16,3,28,3,0,1
2024-03-28 17:00:00,59.17023924011052,49.422526637359795,153.81100903623306,17,3,28,3,0,1
2024-03-28 18:00:00,47.573428331012,38.368800832863954,95.9999482941541,18,3,28,3,0,0
2024-03-28 19:00:00,,,92.4878854019801,19,3,28,3,0,0
2024-03-28 20:00:00,27.583479628457162,40.39145086416128,83.1348451051735,20,3,28,3,0,0
2024-03-28 21:00:00,46.42781331108312,41.78244123352179,106.0721389538184,21,3,28,3,0,0
2024-03-28 22:00:00,60.31257861345796,36.071860689736376,36.78645308795534,22,3,28,3,0,0
2024-03-28 23:00:00,37.63285422968104,43.16859705802955,63.05915786273992,23,3,28,3,0,0
2024-03-29 00:00:00,45.02274107541987,31.866667552703234,36.52539159837331,0,4,29,3,0,0
2024-03-29 01:00:00,31.414203069598805,32.583713453411114,50.98669236219281,1,4,29,3,0,0
2024-03-29 02:00:00,35.82750503446485,39.1383716619901,72.34023639861216,2,4,29,3,0,0
2024-03-29 03:00:00,51.33660832114995,38.7229949319232,65.02975884595962,3,4,29,3,0,0
2024-03-29 04:00:00,37.21886769571741,35.78485981991578,62.70457577006255,4,4,29,3,0,0
2024-03-29 05:00:00,34.82176816653029,41.919460191756976,45.65796445562191,5,4,29,3,0,0
2024-03-29 06:00:00,38.49588502191896,40.834817601451725,89.22736209369108,6,4,29,3,0,0
2024-03-29 07:00:00,51.586239325421644,42.17418424355529,95.6303954421671,7,4,29,3,0,0
2024-03-29 08:00:00,67.197071781774,38.27970004246287,104.00715639112495,8,4,29,3,0,0
2024-03-29 09:00:00,65.42806345547807,49.2134153732128,137.54848576798744,9,4,29,3,0,1
2024-03-29 10:00:00,60.31762196266488,45.051572778767806,142.3385938180072,10,4,29,3,0,1
2024-03-29 11:00:00,50.576633301061584,55.08076008599014,110.32684050944498,11,4,29,3,0,1
2024-03-29 12:00:00,48.743972059911705,43.6468456922951,132.36019851509616,12,4,29,3,0,1
2024-03-29 13:00:00,48.922375060157705,55.34999451155172,144.64759883594746,13,4,29,3,0,1
2024-03-29 14:00:00,40.83145157529527,47.10036563240621,98.91797325855269,14,4,29,3,0,1
2024-03-29 15:00:00,58.772339043345646,41.49101281527119,126.92601288637589,15,4,29,3,0,1
2024-03-29 16:00:00,38.395295927371734,52.49785022810147,135.77818978389033,16,4,29,3,0,1
2024-03-29 17:00:00,54.311442457672854,47.56184919351892,146.81028559633893,17,4,29,3,0,1
2024-03-29 18:00:00,43.797436317825024,42.49568564067187,91.71463129588872,18,4,29,3,0,0
2024-03-29 19:00:00,42.38643029450909,44.019793748311926,90.02705259534622,19,4,29,3,0,0
2024-03-29 20:00:00,48.714958908372594,40.50960875796952,194.42793052238255,20,4,29,3,0,0
2024-03-29 21:00:00,40.5955845463321,36.8224756842307,95.92322235003867,21,4,29,3,0,0
2024-03-29 22:00:00,36.44850194216866,43.12818155978228,47.902355564616265,22,4,29,3,0,0
2024-03-29 23:00:00,45.42622429852851,39.262475930852275,53.11169403016139,23,4,29,3,0,0
2024-03-30 00:00:00,37.68932640314227,42.03724829055437,28.679485122034826,0,5,30,3,1,0
2024-03-30 01:00:00,29.700689454268158,30.713495490121133,44.988781040421486,1,5,30,3,1,0
2024-03-30 02:00:00,33.063041477557825,41.15118346155212,38.7179220361393,2,5,30,3,1,0
2024-03-30 03:00:00,30.39511158281197,36.84399051924679,41.779715201434946,3,5,30,3,1,0
2024-03-30 04:00:00,31.68531835291687,46.04688838601224,86.48282178309836,4,5,30,3,1,0
2024-03-30 05:00:00,34.696746824593404,41.961554404581534,69.81930942730978,5,5,30,3,1,0
2024-03-30 06:00:00,27.89165956935031,40.464430691525045,51.01768695998926,6,5,30,3,1,0
2024-03-30 07:00:00,26.19783116397032,41.486274251139015,47.66453077519141,7,5,30,3,1,0
2024-03-30 08:00:00,31.857699876064927,35.58354565948411,57.792123166762636,8,5,30,3,1,0
2024-03-30 09:00:00,49.10891571384877,54.1068511931281,63.2296572664107,9,5,30,3,1,1
2024-03-30 10:00:00,50.23980467377352,55.61606236859575,86.02619910541843,10,5,30,3,1,1
2024-03-30 11:00:00,51.48638916473368,49.2592322360133,85.76426531068064,11,5,30,3,1,1
2024-03-30 12:00:00,38.14801410072641,54.08643152704917,69.57729154189738,12,5,30,3,1,1
2024-03-30 13:00:00,45.781363013986685,45.48570539606345,92.28484588770567,13,5,30,3,1,1
2024-03-30 14:00:00,41.93746248309625,44.61156705589329,92.30161105755033,14,5,30,3,1,1
2024-03-30 15:00:00,44.01016842980131,48.0016859447103,72.37267894083487,15,5,30,3,1,1
2024-03-30 16:00:00,41.8008075029509,49.61595953208804,69.1340023509247,16,5,30,3,1,1
2024-03-30 17:00:00,47.15435802064587,46.33870017707486,76.22811964593895,17,5,30,3,1,1
2024-03-30 18:00:00,33.63907839636614,42.104414570272596,74.3361326706434,18,5,30,3,1,0
2024-03-30 19:00:00,48.37374331772928,41.217838309790764,96.81138662153963,19,5,30,3,1,0
2024-03-30 20:00:00,48.455128743679694,36.03823579551359,73.96202375509094,20,5,30,3,1,0
2024-03-30 21:00:00,42.84726474199116,42.1460616945842,49.902145888994255,21,5,30,3,1,0
2024-03-30 22:00:00,41.28870120837005,43.564673800212965,58.82376810559134,22,5,30,3,1,0
2024-03-30 23:00:00,21.616200597906616,40.83635404130738,55.74762078713806,23,5,30,3,1,0
